id,frame,label,x_est,y_est,vx_est,vy_est
0,1,ped,12.306812827805459,2.240525910261974,-0.046908982777365306,1.3556984717320495
1,1,ped,9.022163426434082,5.951376248604467,0.9276618064475545,-0.7454252459439844
2,1,ped,10.77083020689162,6.675591416843967,-0.33242020995433724,1.3205362410457524
3,1,ped,10.855227753095187,16.102385330815075,-0.26528699508141307,1.4883848833453932
0,2,ped,12.304856330358955,2.2970698905644453,-0.046908982777365306,1.3556984717320495
1,2,ped,9.060854692969265,5.920285772881077,0.9276618064475545,-0.7454252459439844
2,2,ped,10.756965500103401,6.730668837641671,-0.33242020995433724,1.3205362410457524
3,2,ped,10.844163063610644,16.164463445736054,-0.26528699508141307,1.4883848833453932
0,3,ped,12.304632565355767,2.3605356631839283,-0.04513345330613043,1.3627912264732898
1,3,ped,9.102703119848917,5.899096915483171,0.9308969459860591,-0.7352790660085614
2,3,ped,10.729135375931238,6.790306864378066,-0.34673056135276575,1.3252094900993363
3,3,ped,10.824660440921189,16.23883110088096,-0.2739333381099829,1.5009779648333625
0,4,ped,12.303333193092692,2.413896276038811,-0.04376086293794677,1.3546009523200342
1,4,ped,9.149405453248981,5.8627813755958105,0.94943793192505,-0.7485754398626352
2,4,ped,10.70789850827767,6.840676356013363,-0.362680102460552,1.31366784619713
3,4,ped,10.815329535437028,16.304339518575595,-0.26900294915583167,1.5078166983045458
0,5,ped,12.300649899472893,2.4699436145260196,-0.04660264628819468,1.3531078105374668
1,5,ped,9.203128067417172,5.820078844786339,0.9962096755179985,-0.7865961801495375
2,5,ped,10.694514683607729,6.892799352040309,-0.35690786517112466,1.3048323279025482
3,5,ped,10.804919506581472,16.36200119011426,-0.26632162555703265,1.4905066310118644
0,6,ped,12.296509343593687,2.5351685480055703,-0.054782220292842035,1.38583230416048
1,6,ped,9.247809655133747,5.77492862122007,1.00786858716602,-0.8325518371268781
2,6,ped,10.678166913960263,6.9461535036441395,-0.36235036155056577,1.3008547368820753
3,6,ped,10.789153637932158,16.416564454060296,-0.2836650617914179,1.462196757173784
0,7,ped,12.288307799915453,2.5984197137158684,-0.07708136882390608,1.4063739754071394
1,7,ped,9.305602010066101,5.729765324989043,1.0672501326844475,-0.8718947436027645
2,7,ped,10.651651186189671,7.009518056485895,-0.4053255961410317,1.3351816674209631
3,7,ped,10.78853125352165,16.481953502581074,-0.24142045522470318,1.478791839047909
0,8,ped,12.284520328984726,2.6540007287751872,-0.07916479355808363,1.3951784892174641
1,8,ped,9.358301323158225,5.6847991433857805,1.0970388580092156,-0.9031930000316165
2,8,ped,10.629881271990122,7.0648095221689635,-0.42302712913812923,1.3337377551992784
3,8,ped,10.785071798486905,16.542617107653502,-0.21736762760410688,1.4751004749714012
0,9,ped,12.281717158722401,2.7142709627425696,-0.07744630470736527,1.4023451899473252
1,9,ped,9.407106574939176,5.640686126373204,1.107548138953134,-0.92539435110196
2,9,ped,10.602449264463008,7.12014450266237,-0.45675915794784583,1.3327278378979956
3,9,ped,10.77499140241316,16.61168634677785,-0.2208632464422883,1.5011025874283068
0,10,ped,12.27102135010604,2.7816176785797215,-0.10167160250570564,1.4310858581620716
1,10,ped,9.458784668911415,5.599895848372573,1.1253433774835504,-0.9325123135282488
2,10,ped,10.58506396340136,7.176013915684647,-0.45135515957440614,1.333647769265753
3,10,ped,10.776459090688213,16.683502939953794,-0.18620920338098496,1.5309817838271693
0,11,ped,12.2511623576371,2.8465252826807865,-0.14944004311122056,1.4470490231455113
1,11,ped,9.50874715370651,5.535634353931923,1.134599030795314,-1.01009921792771
2,11,ped,10.57202456618449,7.220495511547014,-0.43365920692021015,1.299568253337835
3,11,ped,10.763565518312522,16.755823517842167,-0.2018902270063015,1.5568741859563962
0,12,ped,12.239330649179053,2.914859067083826,-0.16565033133277499,1.4701527979054587
1,12,ped,9.555789926831586,5.480895799025183,1.133789765946624,-1.0466060734502483
2,12,ped,10.56272856228131,7.275697713500084,-0.40820589909597293,1.3024616009657282
3,12,ped,10.754601299186453,16.82098885485982,-0.20346442449443553,1.5575419737561609
0,13,ped,12.229929623368214,2.974161186980996,-0.17252092980352768,1.4645958058624247
1,13,ped,9.591389631565596,5.428774870850292,1.1015632078287925,-1.0699545912078832
2,13,ped,10.556159024625536,7.327690818939218,-0.3793781015223833,1.296036452451727
3,13,ped,10.745030517358247,16.88478085920432,-0.20645474149195503,1.5543147466727856
0,14,ped,12.22341701844661,3.028337424870173,-0.17071637054584177,1.4463387114802806
1,14,ped,9.630272514428235,5.371655430465241,1.082904873621218,-1.1029652244954826
2,14,ped,10.564925491158624,7.377979747151319,-0.31440590221480985,1.2860840259342745
3,14,ped,10.748705851820262,16.956296041861513,-0.17399144205786798,1.5719841171427062
0,15,ped,12.216247060759923,3.0884672321341897,-0.1708429097055467,1.4458427252176773
1,15,ped,9.663699691040184,5.31737455822366,1.0529896956492395,-1.1240604494923168
2,15,ped,10.563809336979665,7.4372255579891,-0.28383279281294677,1.3003683986434633
3,15,ped,10.7404369082292,17.02891086016365,-0.17657048520923263,1.5899497871728046
0,16,ped,12.20677492904964,3.1428681537055834,-0.17664456463733325,1.4312484678640127
1,16,ped,9.697068498035152,5.261468204980857,1.0269064778243566,-1.146370600853163
2,16,ped,10.55266295249647,7.490270137918986,-0.2821223247802593,1.297422085734714
3,16,ped,10.73438643759981,17.094925605082867,-0.17332173518587643,1.589209354772267
0,17,ped,12.192834735304345,3.1970286265430734,-0.19249505103600226,1.4179013562273952
1,17,ped,9.748034697975946,5.212920893807141,1.0465261872128686,-1.1481408416037897
2,17,ped,10.54668050871276,7.539422191688678,-0.2681726903025149,1.2854574452189373
3,17,ped,10.727071970579663,17.160838908405626,-0.17352792370796355,1.5883169794795484
0,18,ped,12.188843899229328,3.258512619238204,-0.18295266191867648,1.4234446758535402
1,18,ped,9.79970896634461,5.1519248415013905,1.0654921464018678,-1.179120637521539
2,18,ped,10.545579224387442,7.589290530786146,-0.2443422086193495,1.2766046948412424
3,18,ped,10.71601093320813,17.21758343715273,-0.18256374943004097,1.5658623158062663
0,19,ped,12.190592117631377,3.3235459975502173,-0.16114562955504214,1.4366137341748466
1,19,ped,9.84080909650528,5.0957219822671975,1.0577266670276892,-1.1954514886776098
2,19,ped,10.544294406018622,7.645321334166528,-0.2236339789981269,1.2830817778538959
3,19,ped,10.703544366948488,17.27380406343291,-0.1938455411258499,1.5447294065022592
0,20,ped,12.181942868857302,3.384632736850361,-0.16557113075093666,1.439294372055456
1,20,ped,9.891837074767649,5.045710700018168,1.0735911352043075,-1.1957979386675583
2,20,ped,10.545870763489651,7.701085332808565,-0.19860728215289344,1.2882431682831759
3,20,ped,10.700153778579052,17.341116365604723,-0.18307080833302963,1.5513492025887068
0,21,ped,12.180381276845283,3.4504766724347307,-0.1534296151037711,1.4525018727564485
1,21,ped,9.940353320105105,4.9958393242791885,1.0820848027123353,-1.1957901841598324
2,21,ped,10.549062108545249,7.762597938149047,-0.17253688947243706,1.305923602423521
3,21,ped,10.68889361682117,17.411226846792548,-0.1913056383529777,1.5636318422990503
0,22,ped,12.182590944557957,3.511018930125164,-0.13402595511949691,1.4524134410330505
1,22,ped,9.99015157405126,4.939602078424026,1.0926020252690667,-1.210131186733203
2,22,ped,10.55556786712645,7.8238331800064005,-0.14165411670286102,1.3211763259541929
3,22,ped,10.681402428051456,17.475880497433437,-0.19020605920841124,1.5623631445490749
0,23,ped,12.168946207889203,3.5759704508628967,-0.15206825239854863,1.4622104013315111
1,23,ped,10.046023576483428,4.886257414339726,1.1156766570586154,-1.2165644904970565
2,23,ped,10.550555999174199,7.8945659805388715,-0.13964644935523168,1.3561839893258032
3,23,ped,10.673698763143616,17.545455164733127,-0.1896919413484802,1.572243707173737
0,24,ped,12.164907178142117,3.633048905247418,-0.1469331590956765,1.453498504400582
1,24,ped,10.089483188920852,4.835896471284193,1.108825121976593,-1.215717402667023
2,24,ped,10.549838105364847,7.970350283518076,-0.12826262644511496,1.3990306557334018
3,24,ped,10.658997292441285,17.613280447328442,-0.20482805559648695,1.5772585592818738
0,25,ped,12.147126925084889,3.701447097859472,-0.17281304381232737,1.470767734997883
1,25,ped,10.134851352122858,4.784468048007308,1.106872497445286,-1.2173228606052873
2,25,ped,10.549479272193036,8.049438679802378,-0.11717765078513917,1.4450895245953927
3,25,ped,10.648198580754032,17.671773702034983,-0.2098380827683653,1.5610632123932513
0,26,ped,12.130763421365485,3.757275582994371,-0.1930916641278469,1.4585531746042206
1,26,ped,10.182961131751584,4.733359905913409,1.1111780032050622,-1.218066128183387
2,26,ped,10.547481306725349,8.129346198720597,-0.110778231048071,1.4885785139596637
3,26,ped,10.639954112338463,17.74229842447145,-0.20871396425072766,1.5730573184562382
0,27,ped,12.12741102432371,3.8211231107669663,-0.18270160088402748,1.465213675021463
1,27,ped,10.229933302289288,4.689643428102502,1.1125631739997994,-1.2024028674590128
2,27,ped,10.53760224111697,8.208448074038259,-0.1224005283814532,1.5261851248445772
3,27,ped,10.629378014961238,17.803763915805764,-0.21284903783639406,1.5638982210031551
0,28,ped,12.114473972022433,3.883962364167421,-0.19443341674595466,1.4690256119735443
1,28,ped,10.273191756209716,4.634232333667364,1.1056241970003788,-1.2140110278601302
2,28,ped,10.532860284867061,8.278229643001177,-0.12159918140060147,1.5397042332869135
3,28,ped,10.611912146967741,17.868210941153446,-0.23179932481284446,1.5621757425561555
0,29,ped,12.105944542348025,3.9382754030716844,-0.1953588625102521,1.4536922351755914
1,29,ped,10.314321778359854,4.576030178410271,1.0946408671971157,-1.230688946515662
2,29,ped,10.530206591716526,8.352118868530628,-0.11627031749017747,1.5610166464783668
3,29,ped,10.603579199934005,17.94071900186664,-0.22885716603565284,1.578378783954981
0,30,ped,12.093529021292346,4.0034490860130525,-0.20475479180566683,1.463693922368937
1,30,ped,10.350402480692102,4.531025936272464,1.073558827723185,-1.216760927171218
2,30,ped,10.528168607490018,8.420409364138303,-0.11008009155796336,1.5680249799342518
3,30,ped,10.602414544620704,18.014259179020456,-0.21040490039637008,1.5953513589050714
0,31,ped,12.078554775490094,4.058001924512732,-0.21891176348269378,1.449402294501077
1,31,ped,10.376333931076118,4.476775245105984,1.0320952413041813,-1.224465256507804
2,31,ped,10.523412575955971,8.491270186399763,-0.11044262627909417,1.5800406511467753
3,31,ped,10.613312823144723,18.080097378571097,-0.16711734817253923,1.5938082944734633
0,32,ped,12.064658740968067,4.124516893216573,-0.22939175807000736,1.4627349053338219
1,32,ped,10.403946407936724,4.420373829057404,0.9981531271504193,-1.2361885774955714
2,32,ped,10.510234927812176,8.560011038944518,-0.12929170795971126,1.5862859328448562
3,32,ped,10.613708424077497,18.153134549286985,-0.15091922090424914,1.608238833926622
0,33,ped,12.041712868630427,4.178578705010889,-0.2588005304149136,1.4474648526202742
1,33,ped,10.434026052239814,4.353783271569599,0.9727596946565941,-1.2692306608081687
2,33,ped,10.497732844776229,8.630654843190754,-0.1449201878993649,1.5961393227661964
3,33,ped,10.60459253321621,18.227011416302872,-0.15712111066752726,1.6231865240269157
0,34,ped,12.018069458613915,4.2394111800596095,-0.28703806561641865,1.4484780959288808
1,34,ped,10.455655143533791,4.2904151042224274,0.9311302607538139,-1.2921529893573613
2,34,ped,10.487620229622294,8.694776280231185,-0.15386052943139533,1.5907531359377636
3,34,ped,10.599524620177135,18.29982554964302,-0.15385689848278847,1.6344243057025298
0,35,ped,11.98887014751488,4.295232500879334,-0.3248887992561744,1.4383881521556756
1,35,ped,10.484943610850816,4.220263113926363,0.9101533253886355,-1.327874644193074
2,35,ped,10.477555654635886,8.763320548834118,-0.1618740956063205,1.5955792015567882
3,35,ped,10.59604529210562,18.36626192026172,-0.14740221012119376,1.6306171088193004
0,36,ped,11.963719472019962,4.349964738833261,-0.35037147642555433,1.426831861291532
1,36,ped,10.522961878755641,4.146242599053916,0.9102790938499364,-1.368815803173772
2,36,ped,10.46294933485403,8.826932337861646,-0.1791292780307466,1.589126804213936
3,36,ped,10.589027654056611,18.433434465987244,-0.14931280573665912,1.6287765618693397
0,37,ped,11.950631794221668,4.408661896716115,-0.3470201723637537,1.4250446118078655
1,37,ped,10.563837635348321,4.080668887137775,0.9166697999521767,-1.3874479004005567
2,37,ped,10.452667436711536,8.893433795634117,-0.18530299687557228,1.589613463090664
3,37,ped,10.573012108476712,18.49528213927514,-0.17081204322889665,1.6154087699541018
0,38,ped,11.928821450413274,4.461735531722821,-0.36313378530516005,1.4110702781316604
1,38,ped,10.60383652900888,4.014505136278251,0.92054866077357,-1.4056674548430452
2,38,ped,10.442800347215679,8.95255123328281,-0.18999957833891956,1.5738379479727407
3,38,ped,10.561880804189355,18.561101692199625,-0.1796126572987764,1.611990175216357
0,39,ped,11.906680070979936,4.509788556446944,-0.3784973573721566,1.3873508430756443
1,39,ped,10.63863469104728,3.952731843163295,0.9126503399755793,-1.4125747835193285
2,39,ped,10.425385873511535,9.009619300514933,-0.21084089668815367,1.555007747715822
3,39,ped,10.549254741306257,18.623660675615326,-0.1908892926959088,1.6017242191993963
0,40,ped,11.894371224923823,4.557742119697534,-0.3708602346412989,1.3655867023071615
1,40,ped,10.67042101930488,3.8960159896488973,0.8988617067442534,-1.4077427155270477
2,40,ped,10.406766118865557,9.06508230622059,-0.23241911422518455,1.5343784055912484
3,40,ped,10.536169040841669,18.687611493992293,-0.202141892114838,1.5954556035858027
0,41,ped,11.869138565400412,4.610297794094041,-0.3923031819996783,1.3559228361732785
1,41,ped,10.707304292514765,3.834496134037004,0.8975292186291574,-1.413902838179628
2,41,ped,10.379771390541478,9.108526625172377,-0.27041138047560864,1.489246588123008
3,41,ped,10.534060167622242,18.75858405008173,-0.1882586703031953,1.6051808854585403
0,42,ped,11.854851031794391,4.672419563865598,-0.38774711797770683,1.3681506154259817
1,42,ped,10.747604817137274,3.78270717592926,0.9038227855073807,-1.3981304193394088
2,42,ped,10.355194687469517,9.156386961507936,-0.2996132259198626,1.4579466924110036
3,42,ped,10.523667532601532,18.817332435302298,-0.1938377590184165,1.587171998586012
0,43,ped,11.834065510390777,4.731340312124485,-0.39787713466236846,1.3722292395300202
1,43,ped,10.778504052138858,3.720378766645289,0.8888958408869813,-1.4069460826100233
2,43,ped,10.328419831734116,9.210434931622125,-0.33096686067374537,1.4431012745950202
3,43,ped,10.519209944109651,18.88895456393742,-0.18587319617143347,1.5990818632992654
0,44,ped,11.819933629962982,4.784125949311589,-0.39246895045235647,1.36246257262149
1,44,ped,10.811048344553125,3.657182357446306,0.8789484696872192,-1.4168602212339172
2,44,ped,10.305381454266737,9.257104662252644,-0.35124383236773693,1.4134142912880066
3,44,ped,10.514260167948613,18.953698714752992,-0.17971894520407586,1.5947978874601851
0,45,ped,11.805538821366204,4.848148083310185,-0.3881334669812566,1.3782637051269842
1,45,ped,10.846781230179916,3.596784339084905,0.8769137721579943,-1.4197215408745647
2,45,ped,10.277082189315399,9.301348512521717,-0.3812154602349638,1.3811196979632654
3,45,ped,10.50805571645945,19.022284180570345,-0.17688342018196082,1.599341103086723
0,46,ped,11.799491657982262,4.9005688614148335,-0.3658653673832421,1.367143411967966
1,46,ped,10.886360845996554,3.5334478912362948,0.8835120606456981,-1.4287729746200257
2,46,ped,10.252428015073097,9.34437616559452,-0.40043809058251345,1.349112479175363
3,46,ped,10.499015193310386,19.09086522560317,-0.18053503204749288,1.603458494110281
0,47,ped,11.78296953150149,4.960702922439187,-0.3686374891787849,1.373978286841523
1,47,ped,10.9259962567289,3.473508525674174,0.8896285363832638,-1.4295361544629044
2,47,ped,10.235188944398457,9.391349753735248,-0.40161820996132835,1.3287011565168594
3,47,ped,10.480882073407882,19.16766898347603,-0.20381754890543236,1.6252540557413984
0,48,ped,11.762974508518523,5.015344342722315,-0.37878140914886554,1.3681265969348289
1,48,ped,10.968100896335274,3.416454348865818,0.9006066883828546,-1.423894222525532
2,48,ped,10.214662830620899,9.445574794223871,-0.409907841669449,1.326081764476026
3,48,ped,10.465622537190368,19.245876487819938,-0.2186579716122706,1.6481357472200264
0,49,ped,11.749267243036005,5.069007042797643,-0.37418986466049375,1.360661794710341
1,49,ped,11.010777258287936,3.3573744848646236,0.9118347745471543,-1.4232169384409115
2,49,ped,10.183172614322284,9.49260107052036,-0.4415128540355068,1.3078954790980064
3,49,ped,10.449640873211878,19.31784660712523,-0.2337248575012316,1.6552259922328445
0,50,ped,11.737170561993969,5.1237390151727435,-0.36648237592899563,1.3562285126655684
1,50,ped,11.049314467539984,3.3047712989174216,0.9129459659768607,-1.408380456713094
2,50,ped,10.158867911070553,9.537476616795722,-0.4544456995561503,1.2866522790168422
3,50,ped,10.443665931509022,19.379745379552325,-0.22543950609986302,1.6395526316603415
4,50,ped,13.585776380139206,2.452927432075755,0.4311693925940489,1.8457225644407595
0,51,ped,11.721747607028552,5.172434388469349,-0.36678444729736387,1.3389463486672295
1,51,ped,11.079758732548909,3.246019500891012,0.8961852640926667,-1.4084035950059148
2,51,ped,10.130272133451543,9.57799488050157,-0.47561626506062027,1.2577870700459677
3,51,ped,10.426683719066634,19.454955077570574,-0.2420822283713045,1.6545422244631156
4,51,ped,13.603759754872025,2.529909521016394,0.4311693925940489,1.8457225644407595
0,52,ped,11.715224960216991,5.229779610459113,-0.3475159781265136,1.34223985816025
1,52,ped,11.115296827450484,3.1791658132688356,0.8921443408263494,-1.426214360569355
2,52,ped,10.092243271373691,9.629527765606625,-0.5155606975287299,1.2557507954029588
3,52,ped,10.415466488369418,19.517772726634693,-0.24454229337369357,1.6409491567640517
4,52,ped,13.615221693241041,2.5904047622861923,0.42448688225993125,1.8288285055568967
0,53,ped,11.69823762886392,5.282819748850565,-0.3529899947698752,1.3357788506827453
1,53,ped,11.145604433869059,3.1088540207848423,0.8769886450496065,-1.4499871146961074
2,53,ped,10.06560796571945,9.672363111661216,-0.5268295245411044,1.2348033795161686
3,53,ped,10.409761658513487,19.576793974316686,-0.23467320231865021,1.6202650199653
4,53,ped,13.6042219423749,2.658129419793362,0.35691464285431207,1.8086945822365634
0,54,ped,11.680406695088358,5.334627960233749,-0.35981503042007673,1.3272045511984352
1,54,ped,11.183439160980292,3.0487300998443456,0.8797486047643521,-1.4492127059039792
2,54,ped,10.039949012799308,9.709502711446754,-0.5349225062080132,1.203267935460603
3,54,ped,10.407143617980985,19.63856499553004,-0.21893012523305463,1.607512986974603
4,54,ped,13.614220858146826,2.7180164879779305,0.34072890023642993,1.7571952172632397
0,55,ped,11.667283992830697,5.391628416890946,-0.3556769279350396,1.3308163625034857
1,55,ped,11.206514440789316,2.992211195197463,0.8498477741672759,-1.4405935109073873
2,55,ped,10.00542981069858,9.753994743433108,-0.5617291953679078,1.1907646466051969
3,55,ped,10.402473688614766,19.701102266177326,-0.209134255164785,1.5976112961342954
4,55,ped,13.615605890780156,2.7868712248800995,0.29297248110709573,1.7406821097805065
0,56,ped,11.651129804238744,5.440434905842986,-0.35857417676621894,1.3161055163037962
1,56,ped,11.231615797593776,2.931113251876591,0.8271340571961702,-1.4428180859512356
2,56,ped,9.986319978713693,9.791476515179497,-0.5522458066403699,1.1640136664790575
3,56,ped,10.397363616312253,19.77539273706471,-0.20120194744774167,1.614423474219573
4,56,ped,13.603425043688446,2.8354567266128745,0.2010110886615542,1.6501707249513848
0,57,ped,11.629048421996513,5.485879387260781,-0.374220707935568,1.2953597913817427
1,57,ped,11.271047338883724,2.8709470555048666,0.8379659477534916,-1.4427930512016587
2,57,ped,9.96061682507296,9.838297591664046,-0.558108183485147,1.1602193237338723
3,57,ped,10.404625247561068,19.840495598870945,-0.166830962998649,1.6095223085430574
4,57,ped,13.598357139777676,2.88836539650831,0.15206064751705894,1.592248344559509
0,58,ped,11.608905542619313,5.533752230402224,-0.3841778503845123,1.2818460512791297
1,58,ped,11.30393392227665,2.798436482780145,0.8334347735477313,-1.4698754279953503
2,58,ped,9.9359315501943,9.87962656536066,-0.5611986732474821,1.1447132070436612
3,58,ped,10.405630941013323,19.9063440941642,-0.14934416711928847,1.6067072195119794
4,58,ped,13.5812193341513,2.9382117768289273,0.07114427773055902,1.5351667907748117
0,59,ped,11.598087828432764,5.5872894062098535,-0.37274741224748265,1.2820073506814154
1,59,ped,11.33853964841199,2.734762999574878,0.8330933702376713,-1.4750735658987937
2,59,ped,9.919560336073843,9.918010446092403,-0.5457505668208326,1.1241604821336462
3,59,ped,10.395836332407875,19.977975449212405,-0.15717355194732513,1.6168476306919057
4,59,ped,13.567829366150253,2.995960435199957,0.018066510549424666,1.5147866859853143
0,60,ped,11.576977904260804,5.650925915535965,-0.3849628626025013,1.3043294468959852
1,60,ped,11.370385662609797,2.677342967430836,0.8267236072204809,-1.4660646639757895
2,60,ped,9.907960566769502,9.958291853654252,-0.5212403351258624,1.109656484735219
3,60,ped,10.392620779108428,20.048720453144355,-0.14983998033831633,1.6241131702230909
4,60,ped,13.550281318655237,3.0625045971583504,-0.037908211705718266,1.5250780261339458
0,61,ped,11.551075079034527,5.708652233319521,-0.40658360046583,1.3116299848852508
1,61,ped,11.393372236300719,2.614559459140618,0.8014841163779188,-1.4696576359387623
2,61,ped,9.891343796499033,10.00069543167857,-0.5099908341451499,1.1011405252046498
3,61,ped,10.388855887182496,20.1110189486258,-0.14438423284385182,1.6121669402411303
4,61,ped,13.539917455522174,3.127366892972552,-0.06333707234181757,1.528708078954561
0,62,ped,11.534175359144406,5.7557137319654625,-0.40645576108190656,1.2948447037578168
1,62,ped,11.42061656453921,2.545396694430762,0.7879050294158422,-1.4869287832089189
2,62,ped,9.863908797655379,10.046375933478174,-0.5235256504605417,1.1005997565726995
3,62,ped,10.38560695974072,20.17347201787954,-0.13829520165638662,1.6016541629899217
4,62,ped,13.527899309992335,3.1834242761312765,-0.08918834746085033,1.507471847758942
0,63,ped,11.519791804301626,5.809481713786931,-0.40081477158118456,1.29432236512744
1,63,ped,11.449184374566716,2.4811841550631883,0.7784755580179732,-1.4917487868912247
2,63,ped,9.850723467951616,10.097874323036022,-0.5045322894104428,1.1128831122442973
3,63,ped,10.381926707563876,20.243611365439623,-0.13371088940801804,1.6089812666076004
4,63,ped,13.52467237331107,3.245753519677612,-0.08788581164280682,1.5060319326179186
0,64,ped,11.505134533354408,5.859197699124764,-0.39629140038918503,1.2849507105025109
1,64,ped,11.47100244032269,2.4158314378038797,0.7550889276832439,-1.4986309100819672
2,64,ped,9.826636249179268,10.139889438305172,-0.5112161311724259,1.1032186908556099
3,64,ped,10.37378087393526,20.31325403356815,-0.13935169259992186,1.6145467652203254
4,64,ped,13.5112782466863,3.302863800740706,-0.11267759348548788,1.4914964766896361
0,65,ped,11.501118775320444,5.90710717782908,-0.36881623241663264,1.2724706928915737
1,65,ped,11.49866606603976,2.357351918656168,0.7466794286906312,-1.4897909694168718
2,65,ped,9.801706747067223,10.189186870300517,-0.5191372997494427,1.11042945920444
3,65,ped,10.36263237530665,20.375685098191298,-0.15106899291131393,1.603767725717414
4,65,ped,13.501509930420513,3.361751646568835,-0.12520957749708173,1.4832879307360192
0,66,ped,11.487824174537133,5.959544001452194,-0.3642312419982626,1.2710745035512407
1,66,ped,11.533036374772857,2.298981275878477,0.7537662471072941,-1.4815215344259514
2,66,ped,9.783487261277758,10.227824758321203,-0.5115995536040807,1.093574215481657
3,66,ped,10.359194850867656,20.43967700763787,-0.14478187656830738,1.5974030588083932
4,66,ped,13.496860849740093,3.424663618447475,-0.12382723788464546,1.4858115184892284
0,67,ped,11.481133435302382,6.018588921525465,-0.34556575216080687,1.2843158746763683
1,67,ped,11.565210167522649,2.2357463138033293,0.7553810583406935,-1.4846902281288026
2,67,ped,9.759018042529377,10.273444561340447,-0.5184749427752637,1.093593097801298
4,67,ped,13.496652279955427,3.4823558329899016,-0.11211480742565416,1.4757001766985889
0,68,ped,11.477041483992279,6.075016010186903,-0.32290338996068313,1.2905964974438455
1,68,ped,11.596187812983649,2.1760794016622182,0.7542215489423315,-1.4797342013218557
2,68,ped,9.739508680340716,10.326619980262796,-0.5138300959660109,1.110200458092553
4,68,ped,13.499402136073241,3.53891780660229,-0.09484849205643488,1.4641046007748866
0,69,ped,11.47599447281186,6.13550274390147,-0.29563055627581813,1.3052158807084537
1,69,ped,11.640685301600973,2.1138137557010523,0.7828543588523244,-1.4809382094884573
2,69,ped,9.714996885523185,10.369371498476838,-0.5205946960147665,1.1023986705935045
4,69,ped,13.506818032825356,3.6019953411235623,-0.06874738268193892,1.4687228656129994
0,70,ped,11.472100949924833,6.190401237729224,-0.27710560938280765,1.3062260560277748
2,70,ped,9.689770356350893,10.41576150318988,-0.5283091619481768,1.1033005674603968
4,70,ped,13.50855234430574,3.661854366117375,-0.05829268869152201,1.4655443737881921
0,71,ped,11.466648947931887,6.247169823416103,-0.26369921795834844,1.3112499636506258
2,71,ped,9.668930753843464,10.453053133365101,-0.5256845566818017,1.0841421559522288
4,71,ped,13.522874630451103,3.7201272964469703,-0.02053197532518452,1.459115055292697
0,72,ped,11.455200526080162,6.310063206882249,-0.2646872065979749,1.3292622719694247
2,72,ped,9.642478183371347,10.496621788185301,-0.5356249624676973,1.0805210366532494
4,72,ped,13.527661836649006,3.775372326844411,-0.007890609178410913,1.446543741659933
0,73,ped,11.450507703084064,6.366141112374428,-0.250751140908325,1.3306599430724348
2,73,ped,9.620986127721869,10.54432565328297,-0.5337629899815582,1.0863114108328655
4,73,ped,13.528686223861405,3.8283126417353848,-0.0048733152922816325,1.4300635001669053
0,74,ped,11.448730136413944,6.419750538423707,-0.23169019362594148,1.3265094623686937
2,74,ped,9.59311421887491,10.582795632703865,-0.5460800703840367,1.0712962373661712
4,74,ped,13.525236867054172,3.886308121181839,-0.012083177289052848,1.4263983866889451
0,75,ped,11.444251737563643,6.475892694311214,-0.22030520537446735,1.3283003159123685
2,75,ped,9.564912672840855,10.627482077982124,-0.5579929399567135,1.0713059426242821
4,75,ped,13.533264995359252,3.948587091899648,0.006814141767170136,1.4325694285896629
0,76,ped,11.438631150172625,6.535845509326107,-0.21247082023711694,1.3382943976118853
2,76,ped,9.539976926892997,10.66221192799045,-0.5616439528124884,1.049452613422821
4,76,ped,13.530261673936296,4.019068310445811,-0.0004516720060414774,1.4562863343239623
0,77,ped,11.428679901883179,6.592328375161051,-0.21486294323013078,1.3397540876610043
2,77,ped,9.50899400162389,10.705247269721552,-0.5782386669771361,1.0478373761846655
4,77,ped,13.522234610331184,4.0952421031761554,-0.01812205013110601,1.4903429039859177
0,78,ped,11.42376045232563,6.647478426905241,-0.20598744571342334,1.3381535778358924
2,78,ped,9.47517578431858,10.751897536604957,-0.599539199949483,1.0543075182424366
4,78,ped,13.517817142529085,4.166260513954688,-0.026191619959811896,1.5098657396991213
0,79,ped,11.405228067238708,6.708371808907615,-0.2278153117468988,1.349310533708531
2,79,ped,9.445276524934169,10.785955464099649,-0.6102839768388004,1.032535550526339
4,79,ped,13.512032421350876,4.228797950260147,-0.03652306643211133,1.5089044191588004
0,80,ped,11.396086314431079,6.763774125205675,-0.2270247256861379,1.347388744032868
2,80,ped,9.411685231429534,10.82219674499713,-0.6281515026801436,1.017551568162032
4,80,ped,13.503338588533849,4.283644001140535,-0.05229999172838615,1.4911090165398528
0,81,ped,11.380069728890723,6.815643514424723,-0.24140192277324,1.3378855462632693
2,81,ped,9.38654366219747,10.854501228870832,-0.6258292623718491,0.9952956304059393
4,81,ped,13.487572216676009,4.3256039539666356,-0.0821748364156499,1.4466172795630237
0,82,ped,11.363791585080627,6.869208930930254,-0.2550367576235546,1.3329767041439518
2,82,ped,9.360842865454659,10.894603331299969,-0.6249476161491825,0.9921994958250069
4,82,ped,13.47829218597753,4.371957742459601,-0.09504038086280471,1.4158808731188786
0,83,ped,11.346708877174176,6.92377306846642,-0.2691895188860426,1.3307103553484605
2,83,ped,9.345590716839183,10.927055950152518,-0.6012041436629255,0.9725905918926295
4,83,ped,13.47509114290629,4.4298819620622885,-0.09336375097156263,1.4133978688582622
0,84,ped,11.336642190148197,6.971245605935938,-0.26664076296271294,1.3130802146239668
2,84,ped,9.33134876305451,10.966414043121521,-0.5774169908346232,0.9699401514191205
4,84,ped,13.476351960373146,4.487760652225437,-0.08203788032338878,1.4110429100793287
0,85,ped,11.324536228099316,7.01646894323819,-0.26880315276358663,1.2921259888190477
2,85,ped,9.307564223877272,10.994841715615637,-0.576761373764846,0.9435320232752292
4,85,ped,13.46802500208642,4.537526009326179,-0.09281365405419627,1.3910810153085553
0,86,ped,11.307592756654483,7.062258866880138,-0.28138944653812953,1.2743348503589917
2,86,ped,9.288607044816661,11.027546587200856,-0.5655661462565602,0.9289340159849091
4,86,ped,13.463794972578537,4.600921481420254,-0.09360202812667925,1.4028888372917054
0,87,ped,11.300613002085138,7.114723173202163,-0.2709452925938887,1.2728282847491257
2,87,ped,9.27364587924036,11.064913888787768,-0.5466219612894383,0.9259104162212174
4,87,ped,13.464215781000588,4.658794303390945,-0.08410346084457548,1.401484538749906
0,88,ped,11.288129701358821,7.174346340040712,-0.2735420089965777,1.2871787250010158
2,88,ped,9.271219217767001,11.106602350513562,-0.5018901266220578,0.9326518869735408
4,88,ped,13.465863592610408,4.721281558152825,-0.07278088295254866,1.4103429873733386
0,89,ped,11.27804752089591,7.231046330456907,-0.2706286674830976,1.293796387735438
2,89,ped,9.253940779208804,11.15081754547559,-0.49386559362835764,0.944324029557396
4,89,ped,13.462355121556953,4.794423213664765,-0.07381939204384358,1.4417872174799724
0,90,ped,11.2752240777138,7.292525502823054,-0.25204379553325457,1.3103018640583282
2,90,ped,9.241824415259474,11.198245373869948,-0.475241354885104,0.9619813503226555
4,90,ped,13.459260512564967,4.852913988746192,-0.0738539173095706,1.4381774230339337
0,91,ped,11.275617046095398,7.352285311730264,-0.22809852399031513,1.3215204690435107
2,91,ped,9.228218684171505,11.247705414721231,-0.4615930124783765,0.9824838172855623
4,91,ped,13.451151704846994,4.915298593762001,-0.08489601284769303,1.443448842428927
0,92,ped,11.279035393446046,7.41767293474252,-0.19970322229287615,1.344068908825911
2,92,ped,9.22245162313418,11.283562361472281,-0.4319828767822371,0.9712397209521371
4,92,ped,13.434832396269769,4.96775472052441,-0.11295575653882528,1.4264357488644772
0,93,ped,11.27507439124347,7.487504199668182,-0.1901115604898879,1.374309445915303
2,93,ped,9.220415912019103,11.322956503867037,-0.39689137235319966,0.9687921498897151
4,93,ped,13.424375368041822,5.018147622694096,-0.12557264492408746,1.4064505432542116
0,94,ped,11.277148726256812,7.558260203166816,-0.16814624998169642,1.4038110157626402
2,94,ped,9.217424250464008,11.364331140517068,-0.3671126051655242,0.9709173903596466
4,94,ped,13.414185416116867,5.068153540146808,-0.13644744615838486,1.3874461278239854
0,95,ped,11.283236449556721,7.6386142194314335,-0.1393801659338147,1.451685593291374
2,95,ped,9.205382880186441,11.40819064342048,-0.3599318599875019,0.9783041322449363
4,95,ped,13.40347904875684,5.126174384470723,-0.14746015571520396,1.387781471366111
0,96,ped,11.27983142123653,7.709525729860947,-0.13409217068591534,1.4744424347524157
2,96,ped,9.19845953533577,11.454027107526866,-0.3421708549375353,0.989355292144848
4,96,ped,13.406677148225493,5.178065720977412,-0.1269330674650016,1.3746270453629483
0,97,ped,11.2784547439378,7.779840754540693,-0.12483471324461543,1.4938054521103508
2,97,ped,9.177429215014904,11.500932469324729,-0.35701174253113727,1.0017414030988765
4,97,ped,13.407779936312423,5.230189039933429,-0.11288680559465546,1.3631867659790284
0,98,ped,11.275511976781809,7.857777372947995,-0.11986379683797115,1.5281302630511486
2,98,ped,9.165817704081027,11.54873193215567,-0.34981218250342566,1.014956400094073
4,98,ped,13.408388371705572,5.288091486287734,-0.1012124518553804,1.3654838461794978
0,99,ped,11.264285011240645,7.925030251715904,-0.13353811001687424,1.535852805492226
2,99,ped,9.144204017526858,11.585567441643633,-0.36523419353878317,1.0028871077717467
4,99,ped,13.408800998444544,5.341688063590921,-0.09103722947856452,1.3581158989115079
0,100,ped,11.25762276618137,8.002363606712937,-0.13593715366750633,1.565002266685598
2,100,ped,9.118928736448575,11.626143897132005,-0.3872837703292742,1.00013729681639
4,100,ped,13.411152924768771,5.399785830367697,-0.07753565785844534,1.3613062427779266
0,101,ped,11.253683872021874,8.070610450241732,-0.132136706111479,1.5715305288675983
2,101,ped,9.09899046406558,11.669887239199136,-0.3955953148117359,1.004592991982965
4,101,ped,13.417485794746074,5.465863919951581,-0.05652942649096929,1.3817272225758728
0,102,ped,11.248674415683865,8.142446187994967,-0.1310349888892986,1.5853412235467899
2,102,ped,9.07447548298614,11.720873521949999,-0.41319496590250643,1.0245442820539454
4,102,ped,13.413141733279414,5.529800294839667,-0.0608908701707881,1.3955753341858603
0,103,ped,11.234931804838794,8.209839334161794,-0.14920994949053484,1.5881323226765949
2,103,ped,9.052942093777865,11.765963116704295,-0.4226360081861275,1.0297207898305587
4,103,ped,13.417489419728502,5.601355627189566,-0.0457679861935828,1.4248845305929099
0,104,ped,11.222578856676453,8.284302336637557,-0.16266908465341767,1.6061914128428487
2,104,ped,9.026287862250692,11.818843938430646,-0.44245649533640174,1.0515307767485391
4,104,ped,13.423472821634135,5.664166063367163,-0.028438460738043334,1.4323079549243232
0,105,ped,11.2039176733294,8.356908275425006,-0.18874689597929734,1.6185189956136232
2,105,ped,9.001474461353578,11.863866625510745,-0.45641980832049517,1.0540889231939492
4,105,ped,13.41769787635756,5.723615148632074,-0.03851435722155,1.431670854238265
0,106,ped,11.17734937680349,8.422523609913418,-0.2297984815457159,1.6143680211380818
2,106,ped,8.985307051514296,11.901493180609625,-0.45011995489444667,1.0401727713306146
4,106,ped,13.41540386810408,5.7689715320222446,-0.040024233918992694,1.4001480958432537
0,107,ped,11.15533666052031,8.48989616792281,-0.25708763029142,1.6144556118891553
2,107,ped,8.972413428578388,11.948671529910412,-0.43720864644419843,1.0485043796613045
4,107,ped,13.416625209934523,5.823047926433459,-0.0336770173099873,1.3906591617297739
0,108,ped,11.14595455097574,8.54751613192264,-0.2541440192890925,1.5931209701685412
2,108,ped,8.954639773999821,11.988434972549744,-0.43619507376204925,1.0397917260799607
4,108,ped,13.423714153846497,5.8722319422613705,-0.015027322272243498,1.3712968143521105
0,109,ped,11.127332294879537,8.614453635650154,-0.2717589938276329,1.5941991179542947
2,109,ped,8.945971412925944,12.034918051193117,-0.4152814211470661,1.0466315937392365
4,109,ped,13.422202688788758,5.925681394212805,-0.016969898251809445,1.3630735052099188
0,110,ped,11.110323946007794,8.683538731731986,-0.28421704312885343,1.5998940933879533
2,110,ped,8.926745339008518,12.073361404259698,-0.41946510753409605,1.0351918714393575
4,110,ped,13.427330002861858,5.989063095368961,-0.004157501040388402,1.3774119878503164
0,111,ped,11.092600749406706,8.746271986678389,-0.29710379571907386,1.5911204932397496
2,111,ped,8.90927431655537,12.118375637964979,-0.4194120021891343,1.0392277890859907
4,111,ped,13.427353625516629,6.054143457246548,-0.0037248837019516526,1.394167164037724
0,112,ped,11.082910787479634,8.810879668258558,-0.29117143118234945,1.5872661509862684
2,112,ped,8.907534047447301,12.1553180416434,-0.38482303519352157,1.0251704120216105
4,112,ped,13.432437074284087,6.114982730316376,0.0077782039110195714,1.4000755330609782
0,113,ped,11.077725498419998,8.870536100476254,-0.2758912447712614,1.572893111414441
2,113,ped,8.902824408747033,12.200200583803962,-0.3599217378810442,1.0298349434888912
4,113,ped,13.428482680031246,6.179885138730313,-0.001616974187837298,1.4143644181340929
0,114,ped,11.060544724212507,8.938723209759205,-0.2883494606496665,1.5785675612696735
2,114,ped,8.894465588228737,12.241492180196031,-0.345313598533499,1.026187490987009
4,114,ped,13.434029543490128,6.244608462090037,0.010710609045626665,1.4269514878191238
0,115,ped,11.047525249602502,9.012341577262422,-0.29052958780316385,1.5956479983521732
2,115,ped,8.894646101530128,12.294046811832954,-0.3132930859628978,1.0476048305091377
4,115,ped,13.434818215882785,6.319245378258257,0.011461444771537248,1.4601535454189372
0,116,ped,11.045482099991457,9.083210729861463,-0.26840884462574943,1.605127617339817
2,116,ped,8.886592967870556,12.343431819218813,-0.30228403295865147,1.0601010624639953
4,116,ped,13.446817046438452,6.396168424663167,0.03675816924204085,1.495334685670877
0,117,ped,11.034641906187979,9.145680350140651,-0.26763000734388365,1.5952958514988294
2,117,ped,8.883625317299309,12.396553555448936,-0.28111677487559145,1.0796577816530333
4,117,ped,13.452555933744012,6.465654933776906,0.0459929548450541,1.5109651619481246
0,118,ped,11.024811758152405,9.208147397635084,-0.2647046936505804,1.5863588390470567
2,118,ped,8.881086071017748,12.44024680404333,-0.2609473680059347,1.0767209218615363
4,118,ped,13.45303323920516,6.535539714748542,0.042828916907499945,1.5260386875643892
0,119,ped,11.01067798729096,9.27606675944612,-0.2714969418702997,1.5902121794103798
2,119,ped,8.875932191079299,12.494368104753155,-0.24836616393557423,1.0969503671881946
4,119,ped,13.450069811893947,6.596633056418009,0.03239967229247159,1.5204280048262961
0,120,ped,11.002103287864314,9.338871770202072,-0.26546084542280973,1.582482815722813
2,120,ped,8.864724103297895,12.546398856968256,-0.25023065603339106,1.110736868779817
4,120,ped,13.444296548137634,6.653708705655112,0.01675586321662234,1.506509325148166
0,121,ped,10.982317289522916,9.403703842062603,-0.2845946955135164,1.5799122241472392
2,121,ped,8.858177217674841,12.599706291285093,-0.24168958420106312,1.1260640578108911
4,121,ped,13.446327820783438,6.716179908100834,0.019681502197284838,1.5057125913552722
0,122,ped,10.95947924943132,9.461199197453368,-0.3086777550334134,1.5614674903421644
2,122,ped,8.849006990368707,12.655604212774044,-0.23969090167096113,1.1456756177327978
4,122,ped,13.441966108730151,6.77646795790079,0.008301843236165318,1.5001951763918984
0,123,ped,10.944778221007061,9.51914803256927,-0.31268846104469983,1.5457076688924927
2,123,ped,8.834351034563655,12.706498060055429,-0.2499205220587999,1.1525034605565163
4,123,ped,13.447749423157902,6.842923281139562,0.020240236998076668,1.5087248122878427
0,124,ped,10.929595047180747,9.58322229990536,-0.31739053116299143,1.5448410350264257
2,124,ped,8.826224767629224,12.75633336610762,-0.24487577142098785,1.1563817162179353
4,124,ped,13.447877138379306,6.906139557374288,0.01866704670474443,1.5093611742051525
0,125,ped,10.912151596822863,9.644547013901576,-0.3266249723713486,1.5380164499602804
2,125,ped,8.808739399539837,12.806497387502814,-0.26084322470332594,1.160626572611394
4,125,ped,13.44584919194703,6.973187774463769,0.012504647099874956,1.518353222981864
0,126,ped,10.892857257180555,9.710051131223995,-0.33907779571227514,1.5409937714668156
2,126,ped,8.792530430455912,12.857630921699405,-0.27254571635811964,1.1666114839896127
4,126,ped,13.439465503174745,7.039031969658163,-0.002657494075317176,1.5238780460607713
0,127,ped,10.871828569855557,9.774394913413461,-0.35419836300088914,1.5411506267867934
2,127,ped,8.788482806240577,12.915808232927102,-0.25647326877461174,1.1875146305604074
4,127,ped,13.448846004304764,7.098302946049384,0.018183071505807037,1.5144637873203757
0,128,ped,10.853239547392906,9.831854429233662,-0.3625772919523924,1.5261770227740805
2,128,ped,8.776447190216638,12.973351429175008,-0.2594123455270232,1.205111091989808
4,128,ped,13.455342054583776,7.161607513973259,0.030781519125014742,1.5147684344315278
0,129,ped,10.829016772394779,9.890291056374917,-0.3825591552422073,1.514720203240946
2,129,ped,8.76429412657137,13.036303052432277,-0.26234014384743615,1.232971579843463
4,129,ped,13.4599663256938,7.231545383041446,0.03811623879308836,1.5296102203756856
0,130,ped,10.807951720557675,9.955871274918781,-0.39377750501883,1.5199981163076117
2,130,ped,8.74556232270172,13.096226240869512,-0.2794450484088018,1.2516309064166136
4,130,ped,13.463618906444147,7.300278252933632,0.04264565340191642,1.5404469102136915
0,131,ped,10.783535247536328,10.0180604251165,-0.4113273342891448,1.5173467512057164
2,131,ped,8.734926102137122,13.16009284966182,-0.2772076317268847,1.2772401399718731
4,131,ped,13.473491762188916,7.361855812330592,0.0604183984115305,1.5345799273790655
0,132,ped,10.764732954753152,10.079330009972061,-0.41494262438961077,1.512919069544967
2,132,ped,8.721502888188795,13.213342100720833,-0.2812946469727838,1.2771910437315397
4,132,ped,13.474302833769634,7.422492840028402,0.05666612986833027,1.5271850805731442
0,133,ped,10.745494472079317,10.133752792564344,-0.41918458457591923,1.4938630464845626
2,133,ped,8.703250367506884,13.277581407996605,-0.29561129618684157,1.301277806216781
4,133,ped,13.48331240228962,7.490349314320946,0.07125930743794223,1.5363195256709963
0,134,ped,10.737493545998497,10.18866045654071,-0.3983632517786254,1.477616868277095
2,134,ped,8.692382857897716,13.339477789612177,-0.2924012107836329,1.3180142122201837
4,134,ped,13.49031564217597,7.559560954881049,0.08011064144169286,1.5475930292398334
0,135,ped,10.725802496820814,10.250462183748896,-0.38755132648685925,1.4779961364752716
2,135,ped,8.686654242062883,13.388656403267023,-0.2782014070962852,1.3052929049729889
4,135,ped,13.497413506234563,7.623395546252255,0.08835913233226181,1.5460274649269892
0,136,ped,10.72244208023985,10.312793845830232,-0.35943762173330446,1.4795042728454983
2,136,ped,8.684842820551665,13.444420056164047,-0.25670087471409425,1.3081956951386795
4,136,ped,13.505632536186921,7.692362342375991,0.09831401305022795,1.5558742901046503
0,137,ped,10.70841755766005,10.383840759373095,-0.3573142559322052,1.5000107636127118
2,137,ped,8.666572460843424,13.494037891225434,-0.2733090151933909,1.2973379953917072
4,137,ped,13.513156011482982,7.7638437368204585,0.10582995546930087,1.5703407505881346
0,138,ped,10.697137496224476,10.457530780488781,-0.34935921281378207,1.5244428408266701
2,138,ped,8.664929373863952,13.544103624714417,-0.2518869130369089,1.2884581250193685
4,138,ped,13.522101951769795,7.82902145191208,0.11578095123485888,1.5696410854542644
0,139,ped,10.696099019126873,10.528490134173005,-0.3196447912328424,1.5406415551969668
2,139,ped,8.661725553530667,13.600935262685205,-0.23585364025784103,1.2952476835469875
4,139,ped,13.519679306251378,7.899478425720723,0.0998581082936805,1.5805974029578576
0,140,ped,10.688155885803647,10.59193858677799,-0.3078125102497893,1.5388647512444127
2,140,ped,8.654118775302592,13.652627051356806,-0.23095648338205793,1.2901296486957234
4,140,ped,13.521977142103506,7.965425605774549,0.09575846861172166,1.580647972683818
0,141,ped,10.684328275495801,10.6554356492176,-0.28802720130670434,1.5373574035139748
2,141,ped,8.645384230147878,13.719431297884435,-0.22898410158135452,1.318663434175685
4,141,ped,13.527045836593791,8.033905666198605,0.09811837724147024,1.5862554709300491
0,142,ped,10.67529877464968,10.723601787036827,-0.2814758758095274,1.5462401996764077
2,142,ped,8.647597240934797,13.778955285395826,-0.20315430972993306,1.3285984748477726
4,142,ped,13.52031336554377,8.096378706058276,0.0743498113757927,1.5781595429296928
0,143,ped,10.660990429377817,10.788310811074336,-0.2871155239538296,1.546718560066638
2,143,ped,8.646489350529937,13.83836456636211,-0.18698188767884882,1.3373717886046188
4,143,ped,13.526832369905954,8.163102419915894,0.08185485626129044,1.5801384445409674
0,144,ped,10.651394276693956,10.857345646605655,-0.2818919137597734,1.5566514912843672
2,144,ped,8.64108540702141,13.90334251066921,-0.18172358928041174,1.3575689992777527
4,144,ped,13.529218164699758,8.228422339174804,0.07959710712843329,1.5788537412827253
0,145,ped,10.643121257618146,10.920233987354367,-0.274241422630091,1.5521786191094946
2,145,ped,8.638782539796173,13.965830531876918,-0.17013767775030522,1.370449293452137
4,145,ped,13.53169876716004,8.299709739205765,0.07775429830416505,1.5907897592431188
0,146,ped,10.631385491300184,10.984747682915973,-0.27489488123619554,1.5516842417881238
2,146,ped,8.638006701169655,14.031795682721082,-0.1562598495248682,1.3897848883764004
4,146,ped,13.536528585847133,8.368796342601726,0.0812385357792568,1.5968002767032765
0,147,ped,10.615261151780041,11.043843912665912,-0.28512468372250005,1.5393397658303096
2,147,ped,8.634616232782742,14.090693201049984,-0.14939402672152008,1.3918309912323796
4,147,ped,13.548255333778222,8.435929616650922,0.09954758225358648,1.5979713317899138
0,148,ped,10.604956955456654,11.107290281799207,-0.2816380799661338,1.5376776062267825
2,148,ped,8.625763698509312,14.15074419607823,-0.15515028715602208,1.3962224508696426
4,148,ped,13.55438259279938,8.510030393501864,0.10388481812899199,1.6143340008889302
0,149,ped,10.59478633410425,11.166834254061216,-0.2781774861417249,1.5275989998623831
2,149,ped,8.612720249500212,14.215196987000345,-0.16958156435725324,1.4098769583195478
4,149,ped,13.571539561611472,8.580674160144145,0.13204327735992694,1.6216074476804405
0,150,ped,10.577008124438834,11.23267124214574,-0.2917381418359983,1.532261260820775
2,150,ped,8.607507824637496,14.276014487827679,-0.16549627816443258,1.414298802317465
4,150,ped,13.588155700000032,8.644704388891236,0.15643543205051316,1.6136931415789897
0,151,ped,10.561936480829623,11.298568806518691,-0.29811397039951176,1.536629557528368
2,151,ped,8.607940692410619,14.33956586191245,-0.14938950258198386,1.4243185784886119
4,151,ped,13.598467584751875,8.712275713677984,0.16475119552447912,1.6142789796328645
0,152,ped,10.547430051728849,11.370689331553065,-0.3026648274471501,1.554261837005954
2,152,ped,8.598415751023705,14.397116504881623,-0.1566226119880743,1.4202446577851686
4,152,ped,13.620887279764355,8.772014940040474,0.1988910588299647,1.5976138740815689
0,153,ped,10.52510308334025,11.441611660373985,-0.3239708237061413,1.5676484018722407
2,153,ped,8.590548646642622,14.458668794379832,-0.15955311874406697,1.4253304265451796
4,153,ped,13.625018268628267,8.82981838824792,0.18974702312210878,1.5782244994582346
0,154,ped,10.504458300114674,11.504912572564855,-0.33963194645853056,1.5630743237883202
2,154,ped,8.580698219656806,14.515429901210576,-0.16657011782937767,1.4194302196908881
4,154,ped,13.630391496980536,8.885509532307564,0.18416804830629133,1.5559727408544486
0,155,ped,10.49318403417821,11.568512880172882,-0.3332835408040332,1.5595765402031714
2,155,ped,8.562119539860005,14.575350448159613,-0.19210951201732232,1.4210076847146802
4,155,ped,13.638932390661942,8.946125466533593,0.1860553870962939,1.5465724037351414
0,156,ped,10.474181182963157,11.621913499399593,-0.3444865317504271,1.5340031708847564
2,156,ped,8.551892099255644,14.643501304381079,-0.19697279112200125,1.440512345499412
4,156,ped,13.648437746618123,9.006913511392645,0.18988759493064936,1.5384108696122363
0,157,ped,10.458147718650222,11.687201012697322,-0.3481435251773784,1.5368724251148265
2,157,ped,8.545916941586139,14.709389957160727,-0.192053756893758,1.4532635284997661
4,157,ped,13.642370842380192,9.075047498466922,0.1591761309624959,1.547126593494767
0,158,ped,10.437739112202634,11.742695187965111,-0.3610723046766399,1.5179752359728511
2,158,ped,8.531094771155162,14.766230946521441,-0.20701099775855494,1.44498058298756
4,158,ped,13.632624407256108,9.154473265834902,0.1231979403597386,1.579837994622104
0,159,ped,10.43198411285322,11.808440518437026,-0.34064146765803116,1.5233175937246086
2,159,ped,8.53015086219694,14.832088041345601,-0.190125315046368,1.457253267275444
4,159,ped,13.636788552668353,9.221546788273612,0.12105875654883716,1.582431272502835
0,160,ped,10.425302223951762,11.877983709746143,-0.32411691955987265,1.5365098276643487
2,160,ped,8.523168275367144,14.886754010026797,-0.18804543693600384,1.4438291465797821
4,160,ped,13.640196344419799,9.290408953880124,0.11745472137893122,1.5887144600314658
0,161,ped,10.42970864183167,11.945665786607556,-0.2847586098209679,1.5444073711460307
2,161,ped,8.524493056655539,14.950847925777998,-0.16791517295273312,1.4523357886536699
4,161,ped,13.637954929672373,9.368881860593994,0.10177652954229764,1.6155249652119563
0,162,ped,10.42736704781641,12.008130203844095,-0.2638216862037732,1.5401249992775317
2,162,ped,8.519730122357414,15.01427341326609,-0.16299552976760753,1.458595686162228
4,162,ped,13.633292979042288,9.434504629908794,0.08221928170583849,1.6116645119031683
0,163,ped,10.432219355210478,12.077520714542796,-0.22900621217822986,1.5514427471494956
2,163,ped,8.52656237635253,15.066778054000336,-0.1330663539793602,1.4403029001347798
4,163,ped,13.62300814181083,9.495978140632477,0.052106679544268134,1.5990468882649291
0,164,ped,10.429843485331196,12.147281696782763,-0.2132504078038682,1.562537465872984
2,164,ped,8.531714418936701,15.131836838306116,-0.10956743691354859,1.4512510846808317
4,164,ped,13.62358530558796,9.563350756680023,0.04860200428612083,1.6005377305325665
0,165,ped,10.433388192726973,12.214737829768676,-0.18593745640934053,1.5675552580574599
2,165,ped,8.53557285805362,15.192395807925191,-0.09106099678319683,1.4513161777638066
4,165,ped,13.619169363772425,9.626879928493405,0.03445470325627721,1.593452816062416
0,166,ped,10.422004527539821,12.285280668016728,-0.1939047528007688,1.578891134064182
2,166,ped,8.538055457560866,15.251524033614,-0.07727038735979573,1.4482337605388145
4,166,ped,13.624265217047263,9.69472150309372,0.04248850342891539,1.5964856823005986
0,167,ped,10.412832510903746,12.347993414507734,-0.19628617998723702,1.5719959737837752
2,167,ped,8.540714034092982,15.316733967821994,-0.06435633451105577,1.4587875159257317
4,167,ped,13.626321953509795,9.76099585465015,0.043113434509413615,1.595799573362357
