id,x_c,y_c,x_fl,y_fl,x_fr,y_fr,x_rr,y_rr,x_rl,y_rl,frame,label
0,350.75502014160156,101.48508262634277,365.0008544921875,160.96978759765625,328.016845703125,157.97499084472656,335.0047912597656,39.99794387817383,374.9975891113281,46.99760818481445,22,veh
0,350.5522930622101,106.47370934486389,364.3551940917969,165.98158264160156,327.77447509765625,163.05050659179688,334.5497741699219,44.89370346069336,375.52972888946533,51.96904468536377,23,veh
0,350.38495326042175,110.11126971244812,364.0011901855469,169.6036376953125,328.2875671386719,166.23680114746094,334.61859130859375,48.94085693359375,374.6324644088745,55.66378307342529,24,veh
0,349.98702692985535,113.38948130607605,364.41058349609375,172.7632293701172,326.78215312957764,169.12039470672607,334.653564453125,52.875308990478516,374.101806640625,58.79899215698242,25,veh
0,349.83248257637024,117.58469319343567,364.349609375,176.68472290039062,326.8020324707031,173.16590881347656,334.42950916290283,56.7282190322876,373.748779296875,63.75992202758789,26,veh
0,349.5298156738281,121.45804977416992,363.4415283203125,180.77354431152344,326.8924560546875,177.42393493652344,333.8981628417969,60.107330322265625,373.8871154785156,67.52738952636719,27,veh
0,349.3634338378906,125.32998847961426,363.1575622558594,184.54115295410156,326.555908203125,181.6041717529297,333.832275390625,63.88396453857422,373.9079895019531,71.29066467285156,28,veh
0,348.95323181152344,129.16932487487793,363.0362243652344,187.6167755126953,325.9895324707031,185.1779022216797,333.22161865234375,68.76882934570312,373.5655517578125,75.1137924194336,29,veh
0,348.3019332885742,132.99181938171387,362.2872314453125,191.96385192871094,325.94256591796875,188.83590698242188,332.20123291015625,72.41870880126953,372.7767028808594,78.74880981445312,30,veh
0,347.7759475708008,137.12677001953125,361.16485595703125,196.60858154296875,325.090576171875,192.8839569091797,332.1221008300781,75.71949768066406,372.72625732421875,83.2950439453125,31,veh
0,347.5930984020233,140.40539240837097,362.3356018066406,198.81948852539062,324.1956481933594,196.8489532470703,331.7886962890625,79.58395385742188,372.05244731903076,86.36917400360107,32,veh
0,346.96099853515625,144.2244758605957,361.46295166015625,203.01780700683594,324.0758361816406,200.74693298339844,331.78662109375,83.49346160888672,370.5185852050781,89.63970184326172,33,veh
0,346.6161789894104,147.85794305801392,361.01251220703125,205.7158660888672,322.86749267578125,204.07666015625,331.3923616409302,87.07008838653564,371.1923494338989,94.56915760040283,34,veh
0,346.48280239105225,151.32800960540771,360.7729187011719,209.74607849121094,323.57373046875,207.35304260253906,331.1051330566406,90.23115539550781,370.4794273376465,97.98176193237305,35,veh
0,346.0860593318939,155.451589345932,360.7315979003906,213.67892456054688,323.1485900878906,211.6000518798828,330.088134765625,94.22140502929688,370.37591457366943,102.30597591400146,36,veh
0,345.1049244403839,158.77968907356262,359.69940185546875,217.6234588623047,321.98675537109375,214.8699493408203,329.42498779296875,98.06202697753906,369.3085527420044,104.56332111358643,37,veh
0,345.4139928817749,162.42492771148682,360.01861572265625,221.01025390625,322.7509460449219,218.97755432128906,330.0172119140625,101.1006851196289,368.869197845459,108.6112174987793,38,veh
0,344.591272354126,166.07874488830566,358.29656982421875,224.14698791503906,321.6490783691406,222.32904052734375,328.93083477020264,105.01987743377686,369.4886064529419,112.81907367706299,39,veh
0,344.369961977005,169.33160710334778,358.6829528808594,227.42138671875,321.5102233886719,225.3181610107422,328.93902587890625,108.22779083251953,368.3476457595825,116.3590898513794,40,veh
0,344.1254949569702,173.0545892715454,358.2720031738281,231.22457885742188,321.3519287109375,229.2506103515625,329.2934265136719,112.46849822998047,367.58462142944336,119.2746696472168,41,veh
0,343.507039308548,176.8859360218048,357.1525573730469,234.9624786376953,321.0923767089844,233.15101623535156,328.00439453125,116.16617584228516,367.77882862091064,123.2640733718872,42,veh
0,343.1645269393921,180.31401920318604,357.2662658691406,239.1129608154297,320.163330078125,236.0797119140625,327.74334716796875,119.39568328857422,367.485164642334,126.66772079467773,43,veh
0,342.9819173812866,183.72371196746826,357.3042907714844,241.40846252441406,319.3277587890625,239.0542449951172,328.06585693359375,123.44119262695312,367.22976303100586,130.99094772338867,44,veh
0,342.2622289657593,187.54231357574463,356.4105224609375,245.6166534423828,319.55120849609375,242.79476928710938,326.7304382324219,127.01895904541016,366.356746673584,134.73887252807617,45,veh
0,342.0410223007202,191.08843517303467,355.99774169921875,249.18577575683594,318.78118896484375,246.52359008789062,327.0829772949219,130.3396759033203,366.3021812438965,138.3046989440918,46,veh
0,341.92313289642334,194.335467338562,356.65374755859375,251.84974670410156,319.1803894042969,250.1645965576172,326.14581298828125,134.12875366210938,365.7125816345215,141.19877243041992,47,veh
0,341.07132625579834,198.0437994003296,355.361083984375,256.5341796875,317.66302490234375,252.96322631835938,325.4471740722656,137.8201446533203,365.814022064209,144.85764694213867,48,veh
0,341.0812749862671,202.00043773651123,355.01861572265625,259.3127136230469,318.086669921875,257.5697326660156,325.68121337890625,141.91677856445312,365.53860092163086,149.2025260925293,49,veh
0,340.2219533920288,205.21222972869873,353.8147888183594,262.8779602050781,316.7568054199219,260.73223876953125,325.6302795410156,145.30453491210938,364.68593978881836,151.93418502807617,50,veh
0,340.247633934021,209.0043821334839,354.4212341308594,266.73193359375,317.13458251953125,264.2491455078125,324.9158935546875,148.5738983154297,364.51882553100586,156.46255111694336,51,veh
0,339.41139125823975,212.35230541229248,353.3861999511719,270.2911682128906,315.7855529785156,267.4991455078125,324.66644287109375,152.23321533203125,363.80736923217773,159.38569259643555,52,veh
0,339.46134090423584,215.63984966278076,353.3094177246094,273.10650634765625,316.2557678222656,271.159423828125,324.46392822265625,155.27032470703125,363.8162498474121,163.02314376831055,53,veh
0,338.8113775253296,218.89558696746826,352.930908203125,276.0371398925781,315.0971374511719,274.218017578125,323.5782470703125,159.0594940185547,363.639217376709,166.26769638061523,54,veh
0,338.5281591415405,222.80743312835693,352.719482421875,280.0388488769531,314.63153076171875,278.4669189453125,323.81591796875,162.54112243652344,362.94570541381836,170.18284225463867,55,veh
0,338.1820135116577,226.25916194915771,351.9162292480469,283.425537109375,314.25469970703125,281.7486877441406,323.5493469238281,166.1825714111328,363.0077781677246,173.67985153198242,56,veh
0,337.22527980804443,230.0675687789917,351.3570861816406,287.7469177246094,313.0588684082031,285.0998229980469,322.8809814453125,169.66773986816406,361.6041831970215,177.75579452514648,57,veh
0,336.8814306259155,233.3166265487671,350.5062561035156,290.72906494140625,312.51727294921875,287.7056884765625,322.6995849609375,173.49156188964844,361.80260848999023,181.34019088745117,58,veh
0,336.4241781234741,236.90888118743896,349.36553955078125,294.5190734863281,312.1673278808594,292.013671875,322.36578369140625,176.63198852539062,361.7980613708496,184.4707908630371,59,veh
0,335.7694158554077,240.33314037322998,348.79644775390625,297.7403259277344,311.4871826171875,294.6772766113281,321.4762268066406,180.55072021484375,361.3178062438965,188.36423873901367,60,veh
0,335.05047512054443,243.92244243621826,347.9038391113281,301.6356201171875,310.541259765625,298.58465576171875,321.372314453125,183.7045440673828,360.3844871520996,191.76494979858398,61,veh
0,334.4448232650757,247.31721782684326,347.4171447753906,304.21575927734375,309.45733642578125,301.70269775390625,320.72454833984375,187.5404815673828,360.1802635192871,195.80993270874023,62,veh
0,333.84477138519287,250.66568279266357,346.47149658203125,307.1573486328125,308.7808837890625,305.2690124511719,320.7889709472656,190.74591064453125,359.3377342224121,199.49045944213867,63,veh
0,333.1173620223999,254.06446743011475,344.68206787109375,311.2808837890625,307.93157958984375,308.0951843261719,320.5492858886719,194.1016845703125,359.30651473999023,202.7801170349121,64,veh
0,332.34174251556396,257.4122037887573,344.1197204589844,314.6994323730469,306.89727783203125,311.245849609375,319.68310546875,197.1955108642578,358.66686630249023,206.5080223083496,65,veh
0,331.513632774353,260.9294843673706,341.91729736328125,318.3621826171875,306.16259765625,314.915771484375,319.4644470214844,200.3792724609375,358.5101890563965,210.06071090698242,66,veh
0,330.5364599227905,264.34062480926514,341.7591857910156,321.129150390625,304.1348571777344,318.9274597167969,318.48419189453125,204.164306640625,357.76760482788086,213.14158248901367,67,veh
0,329.7881155014038,267.52552700042725,340.62298583984375,323.98834228515625,302.74114990234375,322.2039489746094,318.2138671875,207.13101196289062,357.57445907592773,216.77880477905273,68,veh
0,328.63546657562256,271.1248846054077,338.52496337890625,328.8394470214844,301.74542236328125,324.1428527832031,317.4689025878906,210.52816772460938,356.8025779724121,220.98907089233398,69,veh
0,327.74024868011475,274.5522336959839,337.38665771484375,331.6157531738281,300.4251708984375,327.40191650390625,316.8615417480469,214.42825317382812,356.28762435913086,224.76301193237305,70,veh
0,326.5273199081421,277.5767583847046,335.83575439453125,334.86572265625,298.59478759765625,330.2765197753906,316.68890380859375,217.26866149902344,354.9898338317871,227.8961296081543,71,veh
0,325.88104152679443,281.00658321380615,334.9787902832031,338.1297302246094,297.41021728515625,333.5106506347656,316.04931640625,220.67845153808594,355.08584213256836,231.70750045776367,72,veh
0,324.1953649520874,284.02533626556396,332.95172119140625,341.07403564453125,295.566650390625,336.36865234375,314.76007080078125,223.75648498535156,353.5030174255371,234.90217208862305,73,veh
0,323.4257879257202,287.4218397140503,331.7904052734375,343.8709411621094,294.2016906738281,339.8044738769531,314.57525634765625,227.36447143554688,353.135799407959,238.6474723815918,74,veh
0,322.0959539413452,290.75392055511475,330.40692138671875,347.6518249511719,292.2874450683594,342.9656677246094,313.73516845703125,230.4560546875,351.9542808532715,241.94213485717773,75,veh
0,321.28766536712646,294.00386333465576,328.5190734863281,350.68621826171875,291.1033630371094,346.26300048828125,313.3623352050781,233.34910583496094,352.16588973999023,245.7171287536621,76,veh
0,320.0816411972046,297.0232877731323,327.06256103515625,353.2018737792969,290.09246826171875,349.17236328125,312.5403747558594,236.64566040039062,350.631160736084,249.0732536315918,77,veh
0,318.6729345321655,300.0883092880249,324.8577880859375,356.20037841796875,288.1554870605469,351.97979736328125,311.4618835449219,240.35162353515625,350.21657943725586,251.82143783569336,78,veh
0,317.4903783798218,303.5642042160034,324.0741882324219,359.5924072265625,285.837890625,355.093505859375,310.8360595703125,243.4708709716797,349.21337509155273,256.1000328063965,79,veh
0,316.1112356185913,306.4078588485718,321.02099609375,363.3991394042969,284.69085693359375,357.0762023925781,310.4568786621094,246.17660522460938,348.2762107849121,258.97948837280273,80,veh
0,314.7983617782593,309.73157787323,319.2370300292969,366.4026794433594,283.06219482421875,359.7434997558594,309.3974304199219,249.2801971435547,347.4967918395996,263.4999351501465,81,veh
0,313.62203884124756,313.39588832855225,317.4713439941406,369.52581787109375,281.6407165527344,365.02752685546875,308.64788818359375,252.65371704101562,346.7282066345215,266.37649154663086,82,veh
0,312.5670919418335,316.3589162826538,315.747314453125,372.59429931640625,280.50537109375,367.13763427734375,308.0504455566406,256.09307861328125,345.96523666381836,269.610652923584,83,veh
0,311.2153310775757,319.25385189056396,314.843994140625,374.9409484863281,278.6127624511719,369.9507141113281,306.024169921875,258.6874694824219,345.38039779663086,273.43627548217773,84,veh
0,309.3530492782593,322.9874258041382,312.0408630371094,379.0380554199219,276.7317199707031,373.6977844238281,305.202392578125,262.52142333984375,343.4372215270996,276.692440032959,85,veh
0,307.44901943206787,325.49772548675537,309.0364074707031,380.98223876953125,274.0939025878906,375.36309814453125,304.3260498046875,265.3800048828125,342.33971786499023,280.2655601501465,86,veh
0,306.40837001800537,328.7089147567749,307.92425537109375,383.9561462402344,272.89984130859375,379.4500427246094,303.4808349609375,268.26947021484375,341.3285484313965,283.1599998474121,87,veh
0,305.2024221420288,331.3660650253296,306.79254150390625,386.8030700683594,270.97015380859375,381.2375183105469,302.7039794921875,271.15411376953125,340.34301376342773,286.26955795288086,88,veh
1,355.74454498291016,110.74717330932617,373.9767761230469,170.9813232421875,336.9877014160156,171.00218200683594,338.0120544433594,49.98806381225586,374.00164794921875,51.01712417602539,88,veh
0,303.60307216644287,334.218955039978,304.3800048828125,389.48175048828125,269.2381286621094,383.782470703125,301.7969665527344,274.0117492675781,338.99718856811523,289.59984970092773,89,veh
1,356.14417266845703,115.0701789855957,374.538818359375,175.92747497558594,338.0427551269531,174.7179412841797,338.1214904785156,54.71830749511719,373.8736267089844,54.9169921875,89,veh
0,301.88722133636475,337.708456993103,301.44482421875,392.4380798339844,267.0241394042969,387.7001953125,300.82000732421875,276.9406433105469,338.25991439819336,293.75490951538086,90,veh
1,356.02649688720703,119.21165561676025,374.0029296875,179.89772033691406,337.018310546875,179.0572967529297,338.3049621582031,58.13059616088867,374.77978515625,59.761009216308594,90,veh
0,299.996169090271,340.53873348236084,299.6401672363281,394.9185485839844,264.1612548828125,389.71783447265625,299.5846252441406,280.67388916015625,336.59862899780273,296.8446617126465,91,veh
1,355.7326431274414,122.31012725830078,373.6532287597656,182.97312927246094,336.97314453125,182.19320678710938,338.1567077636719,61.23693084716797,374.1474914550781,62.837242126464844,91,veh
0,298.62272548675537,343.78007411956787,297.40850830078125,397.8647155761719,263.4241027832031,393.5299072265625,298.15545654296875,283.2712707519531,335.50283432006836,300.454402923584,92,veh
1,355.6755599975586,126.30682373046875,373.9322814941406,186.90234375,337.92401123046875,186.18765258789062,337.52777099609375,65.32132720947266,373.31817626953125,66.81597137451172,92,veh
0,296.54078578948975,346.53165340423584,294.67974853515625,401.0417175292969,260.7906494140625,395.1603698730469,296.63079833984375,286.33197021484375,334.0619468688965,303.59255599975586,93,veh
1,355.8905792236328,129.76860237121582,374.4525451660156,190.01025390625,337.46240234375,189.47653198242188,337.6897888183594,68.91134643554688,373.95758056640625,70.67627716064453,93,veh
0,294.85816860198975,349.05004024505615,292.24896240234375,402.6654968261719,259.23028564453125,397.71710205078125,295.65582275390625,289.14349365234375,332.29760360717773,306.67406845092773,94,veh
1,355.6035659313202,133.26331973075867,373.65264892578125,192.79937744140625,337.102068901062,193.4258909225464,337.9721984863281,73.10209655761719,373.6873474121094,73.72591400146484,94,veh
0,292.9012746810913,352.2652349472046,289.42120361328125,406.72662353515625,256.3841247558594,400.72515869140625,294.5091247558594,291.84722900390625,331.29064559936523,309.7619285583496,95,veh
1,355.39603424072266,136.70581436157227,373.89093017578125,197.00840759277344,336.14410400390625,196.4652862548828,337.9659729003906,75.75328063964844,373.5831298828125,77.59628295898438,95,veh
0,291.191855430603,355.3405599594116,287.61395263671875,409.0804443359375,254.39224243164062,403.4365539550781,293.2184143066406,295.4212951660156,329.5428123474121,313.42394638061523,96,veh
1,355.54650115966797,140.32744979858398,374.01690673828125,199.88687133789062,336.4176330566406,200.42140197753906,338.1753845214844,79.77091217041016,373.5760803222656,81.2306137084961,96,veh
0,289.2123022079468,357.58814907073975,285.15850830078125,410.62896728515625,251.82763671875,405.41497802734375,291.43243408203125,298.1964416503906,328.4306297302246,316.11220932006836,97,veh
1,354.9167709350586,143.8472671508789,373.07073974609375,204.11526489257812,336.4347839355469,203.76104736328125,337.1016845703125,83.59087371826172,373.05987548828125,83.92188262939453,97,veh
0,287.9346761703491,360.72587490081787,282.58770751953125,414.0816650390625,251.72946166992188,409.1812744140625,290.5861511230469,300.5069885253906,326.8353843688965,319.13357162475586,98,veh
1,354.69014739990234,147.35252571105957,372.8451843261719,206.84869384765625,336.5440673828125,207.6551055908203,337.1514892578125,86.78410339355469,372.2198486328125,88.12220001220703,98,veh
0,286.1907262802124,363.14437770843506,280.3805847167969,415.93609619140625,248.94281005859375,410.9665222167969,289.59149169921875,303.53936767578125,325.84801864624023,322.13552474975586,99,veh
1,354.8759994506836,150.8762969970703,373.7189025878906,210.95042419433594,336.4505310058594,211.03395080566406,337.0290832519531,90.64521026611328,372.30548095703125,90.87560272216797,99,veh
0,283.6596899032593,366.1945333480835,277.3157958984375,419.61322021484375,245.07980346679688,413.07147216796875,288.21337890625,306.34344482421875,324.02978134155273,325.74999618530273,100,veh
1,354.5967025756836,154.50890350341797,373.1745300292969,214.8656768798828,336.1831970214844,213.97598266601562,336.544677734375,93.78182220458984,372.4844055175781,95.4121322631836,100,veh
0,281.5217351913452,368.6489095687866,275.2772216796875,421.5052185058594,242.47064208984375,414.68896484375,286.42803955078125,309.2474060058594,321.91103744506836,329.15404891967773,101,veh
1,354.4925537109375,158.0493927001953,372.7974853515625,218.0273895263672,335.99871826171875,218.1515350341797,336.73077392578125,97.67105102539062,372.4432373046875,98.34759521484375,101,veh
0,279.641188621521,371.40355587005615,272.25567626953125,424.3253173828125,240.420166015625,417.8486022949219,285.0067138671875,311.75555419921875,320.88219833374023,331.6847496032715,102,veh
1,354.97259521484375,161.0396900177002,373.4341125488281,220.19166564941406,336.70379638671875,220.92706298828125,337.20745849609375,100.9525375366211,372.5450134277344,102.08749389648438,102,veh
0,277.74468898773193,373.8791494369507,269.8992919921875,425.938720703125,237.77236938476562,419.56597900390625,283.7567138671875,314.9683837890625,319.5503807067871,335.043514251709,103,veh
1,354.50213623046875,164.6361083984375,372.8505859375,224.09881591796875,336.2648010253906,224.95713806152344,336.322265625,104.58540344238281,372.5708923339844,104.903076171875,103,veh
0,276.1840009689331,376.90243434906006,268.2290954589844,429.4195861816406,236.0387420654297,422.25823974609375,282.7969970703125,318.1737060546875,317.67116928100586,337.75820541381836,104,veh
1,354.39207458496094,168.22101974487305,372.9770202636719,227.6780242919922,335.7305908203125,228.10047912597656,336.564697265625,107.7828140258789,372.2959899902344,109.32276153564453,104,veh
0,274.6598310470581,379.78690242767334,265.2925109863281,430.62042236328125,236.5027313232422,427.048583984375,280.9850769042969,320.1750793457031,315.85900497436523,341.303524017334,105,veh
1,354.50337982177734,171.31468391418457,373.2579345703125,230.99078369140625,336.14984130859375,230.62899780273438,336.6875,111.25090789794922,371.9182434082031,112.38804626464844,105,veh
0,272.1903066635132,381.7196340560913,262.3603515625,433.611083984375,231.6282958984375,426.9629821777344,279.8603515625,322.7651062011719,314.91222763061523,343.539363861084,106,veh
1,354.3245544433594,174.57126808166504,372.3212890625,234.74012756347656,335.7829895019531,234.4973602294922,336.6950378417969,113.66888427734375,372.4989013671875,115.37870025634766,106,veh
0,270.2365560531616,384.57923793792725,260.1520690917969,435.42498779296875,229.5408935546875,429.9757080078125,278.3552551269531,326.0887145996094,312.898006439209,346.82754135131836,107,veh
1,354.19754791259766,177.8445224761963,372.3241882324219,237.9114227294922,336.1600341796875,237.40122985839844,336.5321350097656,117.75019073486328,371.7738342285156,118.31524658203125,107,veh
0,267.94120693206787,387.1407690048218,257.2049255371094,437.47320556640625,227.63348388671875,433.0164794921875,275.9894714355469,327.90594482421875,310.9369468688965,350.1674461364746,108,veh
1,353.83323669433594,180.97434043884277,372.2096252441406,241.08792114257812,335.2445068359375,240.47225952148438,336.3046569824219,120.85015106201172,371.57415771484375,121.48703002929688,108,veh
0,266.8036222457886,390.37850856781006,253.94830322265625,440.0751647949219,229.3479766845703,437.0057373046875,274.822998046875,331.6228942871094,309.09521102905273,352.8102378845215,109,veh
1,353.71360778808594,184.16684913635254,371.69189453125,243.73072814941406,335.3319091796875,243.75582885742188,336.18023681640625,124.11103820800781,371.650390625,125.0698013305664,109,veh
0,264.64177989959717,392.54369258880615,252.93362426757812,441.1990661621094,225.98439025878906,439.08807373046875,273.3763732910156,333.70989990234375,306.27273178100586,356.17773056030273,110,veh
1,353.62001037597656,187.3246726989746,372.3112487792969,247.08616638183594,335.1001892089844,247.1669921875,335.5269775390625,127.08629608154297,371.5416259765625,127.95923614501953,110,veh
0,262.5048551559448,394.9139928817749,250.4099884033203,443.6265869140625,224.13626098632812,440.9687194824219,270.7702331542969,336.6391906738281,304.702938079834,358.4214744567871,111,veh
1,353.3740921020508,190.40427017211914,371.58074951171875,249.83531188964844,335.0668640136719,249.7242889404297,335.7080993652344,130.062255859375,371.1406555175781,131.99522399902344,111,veh
0,260.13887310028076,397.49637508392334,247.3890380859375,445.71868896484375,220.3166961669922,443.7313537597656,269.64434814453125,339.0151062011719,303.2054100036621,361.5203514099121,112,veh
1,353.2844543457031,193.85717391967773,371.901123046875,253.58999633789062,334.7254333496094,253.38388061523438,335.9630432128906,133.27159118652344,370.5482177734375,135.1832275390625,112,veh
0,257.65008449554443,399.75712490081787,244.51693725585938,448.01055908203125,217.54953002929688,445.53143310546875,267.73931884765625,340.9987487792969,300.79455184936523,364.4877586364746,113,veh
1,353.63524627685547,196.59677505493164,372.1453857421875,256.4162902832031,335.22332763671875,256.0546875,336.1958923339844,136.53627014160156,370.97637939453125,137.37985229492188,113,veh
0,255.542010307312,401.7689504623413,241.95797729492188,449.4720458984375,214.1571502685547,446.9665832519531,266.3560791015625,344.13665771484375,299.696834564209,366.50051498413086,114,veh
1,353.38378143310547,199.7163543701172,371.3560791015625,259.2430725097656,334.8536071777344,258.9682312011719,335.4551696777344,139.76414489746094,371.8702697753906,140.8899688720703,114,veh
0,253.23108577728271,404.30667781829834,239.80783081054688,451.39630126953125,212.3631591796875,449.7499084472656,263.70428466796875,346.2322692871094,297.04906845092773,369.8482322692871,115,veh
1,353.36278533935547,203.24031829833984,371.5012512207031,262.1159362792969,335.1763000488281,262.8143310546875,335.395751953125,143.3317108154297,371.3778381347656,144.6992950439453,115,veh
0,250.8934736251831,406.5585927963257,236.68373107910156,453.40936279296875,209.59323120117188,451.49359130859375,262.59637451171875,348.5443115234375,294.70055770874023,372.78710556030273,116,veh
1,352.84110260009766,206.05231475830078,371.292236328125,265.2530517578125,334.335693359375,265.6702880859375,335.0962829589844,145.88026428222656,370.64019775390625,147.40565490722656,116,veh
0,248.90520000457764,408.9874792098999,233.8542938232422,455.64935302734375,207.610107421875,453.4538269042969,260.64898681640625,351.57275390625,293.5074119567871,375.273983001709,117,veh
1,353.01602935791016,209.3349952697754,371.4573974609375,268.5107727050781,334.5462951660156,268.6253662109375,335.1787109375,149.86695861816406,370.8817138671875,150.33688354492188,117,veh
0,246.4483518600464,411.3279790878296,230.96055603027344,457.8380126953125,205.14239501953125,455.5778503417969,258.84393310546875,354.05194091796875,290.8465232849121,377.84411239624023,118,veh
1,352.81356048583984,212.39835357666016,371.14422607421875,271.6376953125,334.4059753417969,271.7784118652344,335.0309143066406,152.77928161621094,370.6731262207031,153.3980255126953,118,veh
0,243.77974224090576,413.1147985458374,228.0891571044922,459.8989562988281,200.5516357421875,456.2662353515625,256.96875,355.7854309082031,289.50942611694336,380.50857162475586,119,veh
1,352.6117706298828,215.48634338378906,370.77593994140625,274.91619873046875,334.2204284667969,274.9117126464844,334.875,155.72300720214844,370.5757141113281,156.3944549560547,119,veh
0,240.92125606536865,415.38150691986084,224.0518035888672,461.74078369140625,197.97415161132812,457.8914794921875,254.9538116455078,358.8086853027344,286.7052574157715,383.08507919311523,120,veh
1,352.40579986572266,218.5050926208496,370.9395751953125,277.877685546875,333.37506103515625,277.9132995605469,335.25732421875,158.8502655029297,370.0512390136719,159.37911987304688,120,veh
0,238.5274839401245,417.51801204681396,221.04360961914062,463.551513671875,194.81906127929688,460.0559997558594,253.3040008544922,361.2571105957031,284.94326400756836,385.20742416381836,121,veh
1,352.1123580932617,221.70149993896484,370.7561950683594,281.1115417480469,333.3184509277344,281.0246887207031,334.59857177734375,161.92698669433594,369.7762145996094,162.74278259277344,121,veh
0,235.9318151473999,419.43805599212646,217.7423095703125,465.17950439453125,193.09957885742188,461.84039306640625,250.1968994140625,363.0133056640625,282.68847274780273,387.71902084350586,122,veh
1,351.9576950073242,224.69894790649414,369.9443664550781,283.76959228515625,332.8228759765625,283.3376159667969,334.702880859375,165.043701171875,370.36065673828125,166.64488220214844,122,veh
0,232.96367168426514,421.33365535736084,215.97427368164062,466.4384765625,187.53485107421875,462.718505859375,248.2101593017578,365.00909423828125,280.13540267944336,391.1685447692871,123,veh
1,352.1785583496094,227.47956085205078,370.18927001953125,287.1174621582031,333.2408752441406,286.19903564453125,335.01080322265625,167.26535034179688,370.2732849121094,169.33639526367188,123,veh
0,230.82067012786865,423.5320119857788,213.06333923339844,468.4322814941406,186.60659790039062,465.5866394042969,246.2286834716797,367.2193298339844,277.38405990600586,392.88979721069336,124,veh
1,351.4104995727539,230.35345458984375,369.14703369140625,289.39044189453125,332.279052734375,289.22216796875,334.26544189453125,170.56771850585938,369.9504699707031,172.23348999023438,124,veh
0,228.24352169036865,425.9222173690796,208.6973876953125,470.2181091308594,184.4764404296875,467.7524108886719,244.0831298828125,369.734375,275.7171287536621,395.9839744567871,125,veh
1,351.45259857177734,233.53675842285156,368.49212646484375,292.9537048339844,332.2678527832031,292.2430725097656,334.53643798828125,173.7296142578125,370.51397705078125,175.22064208984375,125,veh
0,225.68861293792725,428.14972591400146,205.79669189453125,472.1888427734375,181.60791015625,469.53460693359375,241.868896484375,372.54168701171875,273.48095321655273,398.33376693725586,126,veh
1,351.11048126220703,236.66132354736328,368.4608154296875,296.4961242675781,331.37469482421875,295.0099182128906,334.76043701171875,177.0457763671875,369.8459777832031,178.09347534179688,126,veh
0,223.59546947479248,430.038893699646,203.62655639648438,473.23565673828125,179.5723114013672,471.5619201660156,240.55014038085938,374.65850830078125,270.632869720459,400.69948959350586,127,veh
1,350.79063415527344,239.37359619140625,367.65557861328125,299.28704833984375,330.81842041015625,297.78271484375,334.8177795410156,179.2943878173828,369.8707580566406,181.13023376464844,127,veh
0,220.52246761322021,432.02245235443115,199.946044921875,475.3508605957031,175.25103759765625,472.6325378417969,238.26345825195312,376.82171630859375,268.6293296813965,403.28469467163086,128,veh
1,350.7194290161133,242.55120849609375,367.2793884277344,301.81634521484375,330.8406677246094,301.65643310546875,334.8404541015625,182.5629119873047,369.9172058105469,184.1691436767578,128,veh
0,218.18834972381592,433.87318325042725,197.96630859375,476.3263244628906,172.70159912109375,474.19525146484375,236.01963806152344,379.2361755371094,266.0658531188965,405.73498153686523,129,veh
1,350.4039077758789,245.82447814941406,366.31854248046875,305.55426025390625,330.39202880859375,304.5831298828125,335.0354919433594,185.80386352539062,369.86956787109375,187.35665893554688,129,veh
0,215.1860990524292,435.550009727478,195.07174682617188,477.30108642578125,169.76280212402344,475.4018249511719,233.0523681640625,380.9828186035156,262.857479095459,408.51430892944336,130,veh
1,349.4507827758789,248.77035903930664,365.3905029296875,308.4313049316406,329.1658935546875,307.3793029785156,333.96044921875,188.88198852539062,369.2862854003906,190.3888397216797,130,veh
0,213.53221797943115,436.6971197128296,195.2540283203125,475.5670166015625,166.97299194335938,477.1507568359375,230.70281982421875,383.697265625,261.199031829834,410.37343978881836,131,veh
1,348.89244842529297,251.62969589233398,364.73040771484375,311.5926513671875,327.58441162109375,309.4117736816406,334.69830322265625,191.97891235351562,368.5566711425781,193.5354461669922,131,veh
0,210.3058729171753,438.8782567977905,190.8651123046875,478.2186584472656,163.55999755859375,478.4915466308594,228.9740447998047,385.8642578125,257.82433700561523,412.9385643005371,132,veh
1,348.8390655517578,254.72188186645508,364.596923828125,314.4372863769531,327.5170593261719,312.6065979003906,334.5140380859375,195.04757690429688,368.7282409667969,196.7960662841797,132,veh
0,208.09644985198975,440.94586849212646,188.74740600585938,479.2624816894531,160.576171875,480.5199279785156,226.95944213867188,388.2479248046875,256.10277938842773,415.7531394958496,133,veh
1,348.2666320800781,257.71912002563477,363.6303405761719,317.539306640625,326.57293701171875,315.634521484375,333.93548583984375,197.40396118164062,368.9277648925781,200.29869079589844,133,veh
0,206.21996974945068,441.40807247161865,190.82716369628906,476.3848571777344,156.95367431640625,481.4906005859375,224.7084197998047,389.73602294921875,252.39062118530273,418.020809173584,134,veh
1,347.9620361328125,260.70429611206055,362.82452392578125,320.578369140625,325.8897705078125,318.5102233886719,334.29339599609375,200.66317749023438,368.8404541015625,203.06541442871094,134,veh
0,203.8583402633667,443.1528081893921,188.54347229003906,477.2157897949219,155.13616943359375,483.297119140625,221.76290893554688,392.3276062011719,249.9908103942871,419.7707176208496,135,veh
1,347.47998046875,263.58446884155273,362.10882568359375,323.65924072265625,325.493408203125,321.30926513671875,333.5304260253906,203.605224609375,368.7872619628906,205.76414489746094,135,veh
0,200.78809642791748,444.8189992904663,185.5106201171875,478.05755615234375,150.6750030517578,484.61444091796875,219.04586791992188,394.20458984375,247.92089462280273,422.39941024780273,136,veh
1,346.4387512207031,266.48130798339844,360.374755859375,326.63897705078125,324.1090087890625,324.0223083496094,333.40789794921875,206.292236328125,367.86334228515625,208.97171020507812,136,veh
0,197.572283744812,446.5400152206421,181.57530212402344,479.97491455078125,147.71517944335938,485.56097412109375,215.75448608398438,396.0683288574219,245.24416732788086,424.5558433532715,137,veh
1,345.9453659057617,269.1865425109863,359.7963562011719,329.5479431152344,322.438232421875,325.8519592285156,333.2065734863281,208.8361053466797,368.3403015136719,212.51016235351562,137,veh
0,193.08612728118896,449.3148946762085,173.2472381591797,485.7548522949219,143.82925415039062,486.5106201171875,213.9353790283203,398.1348571777344,241.33263778686523,426.85924911499023,138,veh
1,345.1250305175781,272.51158905029297,358.809326171875,332.4648742675781,321.73748779296875,329.6383056640625,332.4522705078125,212.59246826171875,367.50103759765625,215.3507080078125,138,veh
0,190.00582027435303,450.98190212249756,170.15597534179688,486.76416015625,140.1446533203125,487.4322509765625,211.19900512695312,400.2479248046875,238.5236473083496,429.48327255249023,139,veh
1,344.5736846923828,275.1755485534668,357.5504150390625,335.4049987792969,320.8057556152344,332.1741638183594,332.482666015625,214.7969512939453,367.4559020996094,218.32608032226562,139,veh
0,186.9886999130249,452.71991634368896,166.94131469726562,487.72967529296875,137.26455688476562,489.2410888671875,207.88418579101562,402.3733825683594,235.86474227905273,431.53551864624023,140,veh
1,343.9306640625,277.8788185119629,356.3747253417969,338.0174255371094,319.7854309082031,334.30462646484375,332.51922607421875,217.81658935546875,367.04327392578125,221.3766326904297,140,veh
0,184.26659297943115,454.3466634750366,164.71432495117188,488.7411193847656,133.53182983398438,490.114990234375,205.82162475585938,404.6224365234375,232.99859237670898,433.90810775756836,141,veh
1,343.20092010498047,280.56819915771484,355.2991027832031,340.3554992675781,318.7474670410156,337.1675720214844,332.36700439453125,220.572998046875,366.3901062011719,224.17672729492188,141,veh
0,181.13680934906006,456.0599431991577,161.3261260986328,489.67529296875,130.240234375,491.3371887207031,202.89254760742188,406.903076171875,230.08832931518555,436.32421493530273,142,veh
1,342.41968536376953,283.1309394836426,353.8276062011719,343.3685302734375,317.0295715332031,339.14569091796875,332.3271179199219,222.9152374267578,366.49444580078125,227.09429931640625,142,veh
0,178.0890989303589,457.43321895599365,159.53836059570312,489.87261962890625,126.27388000488281,492.58758544921875,200.21829223632812,409.25250244140625,226.32586288452148,438.02016830444336,143,veh
1,341.6242218017578,286.33425521850586,352.87799072265625,346.9411315917969,315.431884765625,341.9790954589844,331.9613952636719,226.18795776367188,366.2256164550781,230.2288360595703,143,veh
0,174.34397983551025,459.00065517425537,154.93966674804688,492.0457458496094,122.59203338623047,493.6488952636719,196.48931884765625,410.65966796875,223.35490036010742,439.64831161499023,144,veh
1,341.0707015991211,289.1912651062012,351.7967529296875,350.3438720703125,314.50909423828125,344.93096923828125,332.16815185546875,228.0784149169922,365.8088073730469,233.41180419921875,144,veh
0,171.50937366485596,460.31780910491943,153.58314514160156,490.92242431640625,118.65120697021484,494.4801025390625,193.713623046875,413.1198425292969,220.08951950073242,442.7488670349121,145,veh
1,339.8531036376953,291.9119300842285,350.082763671875,352.6302795410156,312.9418029785156,347.54718017578125,330.9093017578125,230.87181091308594,365.4785461425781,236.59844970703125,145,veh
0,168.75454235076904,461.7579412460327,151.82504272460938,492.006103515625,115.44490051269531,495.7118225097656,191.00465393066406,414.52783203125,216.74357223510742,444.78600692749023,146,veh
1,339.24361419677734,294.83048248291016,347.9654235839844,355.6705322265625,312.1681823730469,349.4480285644531,331.8189697265625,234.24884033203125,365.0218811035156,239.95452880859375,146,veh
0,164.37437534332275,463.60308742523193,144.90194702148438,494.12176513671875,111.2874526977539,496.83013916015625,187.31350708007812,416.7825012207031,213.9945945739746,446.6779441833496,147,veh
1,338.15210723876953,297.2590637207031,347.5424499511719,357.8675231933594,310.0574035644531,351.98687744140625,330.9990539550781,236.21044921875,364.009521484375,242.97140502929688,147,veh
0,161.36946201324463,465.04122829437256,143.10528564453125,494.2213134765625,107.57648468017578,497.8619384765625,184.32479858398438,418.98284912109375,210.4712791442871,449.0988121032715,148,veh
1,336.9410858154297,300.1554374694824,345.2296142578125,361.1154479980469,308.26544189453125,354.6405334472656,330.9107666015625,239.05447387695312,363.3585205078125,245.81129455566406,148,veh
0,157.6161527633667,466.790244102478,137.31805419921875,496.28411865234375,104.97196960449219,499.3634338378906,181.1879119873047,421.169677734375,206.98667526245117,450.34374618530273,149,veh
1,335.8835220336914,302.62490463256836,343.411376953125,363.1944274902344,306.7161865234375,356.7666015625,330.2874755859375,241.75975036621094,363.1190490722656,248.77883911132812,149,veh
0,154.4255723953247,467.9559164047241,133.9246368408203,497.04571533203125,101.92630767822266,500.2373352050781,177.795654296875,422.3042907714844,204.05569076538086,452.23632431030273,150,veh
1,334.8858413696289,305.4931869506836,341.7945251464844,366.1866149902344,305.82208251953125,359.3706970214844,329.39288330078125,245.0966033935547,362.53387451171875,251.31883239746094,150,veh
0,150.5125494003296,469.22477626800537,130.4409637451172,497.85430908203125,97.03030395507812,500.2823181152344,174.9868621826172,424.37176513671875,199.59206771850586,454.3907127380371,151,veh
1,333.81945037841797,307.88623046875,340.4360656738281,368.7309265136719,304.2287902832031,361.17755126953125,328.1233215332031,247.2085723876953,362.4896240234375,254.42787170410156,151,veh
0,146.75638675689697,471.0975866317749,126.16852569580078,499.6829833984375,92.72096252441406,501.5509033203125,171.9443817138672,426.1280212402344,196.19167709350586,457.02843856811523,152,veh
1,332.40174865722656,310.6268081665039,338.56878662109375,371.9180603027344,301.85906982421875,363.32464599609375,327.5467529296875,250.04034423828125,361.63238525390625,257.22418212890625,152,veh
0,143.15692615509033,472.121054649353,121.8543930053711,500.4725646972656,89.63533020019531,502.669921875,168.64288330078125,427.432373046875,192.49509811401367,457.9093589782715,153,veh
1,332.0462341308594,312.994083404541,337.4602355957031,374.4833984375,301.0606994628906,365.3375244140625,327.85797119140625,252.25013732910156,361.8060302734375,259.9052734375,153,veh
0,139.66518878936768,474.02796840667725,118.7799072265625,501.513427734375,85.89041900634766,503.61102294921875,165.03341674804688,429.7732849121094,188.95701217651367,461.21413803100586,154,veh
1,330.4895553588867,315.91150665283203,335.2587585449219,377.0931396484375,298.49066162109375,367.4547424316406,327.08758544921875,255.4791259765625,361.1212158203125,263.6190185546875,154,veh
0,136.03832340240479,475.27159786224365,114.56222534179688,502.5062561035156,82.2514419555664,504.5915222167969,161.24978637695312,431.9266357421875,186.08983993530273,462.0619773864746,155,veh
1,329.1698303222656,318.5037307739258,333.39471435546875,379.407470703125,297.4151611328125,370.1068115234375,325.8406982421875,258.0458679199219,360.02874755859375,266.45477294921875,155,veh
0,131.95249271392822,476.4785146713257,110.15032196044922,503.3270568847656,78.26887512207031,505.53521728515625,157.9591827392578,433.40118408203125,181.43159103393555,463.6506004333496,156,veh
1,327.9702453613281,320.72972106933594,331.60308837890625,382.2522277832031,295.4731750488281,371.69708251953125,326.1296081542969,260.1979064941406,358.67510986328125,268.77166748046875,156,veh
0,128.19933605194092,477.8978567123413,105.54914093017578,504.4070739746094,74.2614974975586,506.33123779296875,155.13063049316406,434.6305847167969,177.85607528686523,466.22253036499023,157,veh
1,326.88382720947266,323.54701232910156,329.9869079589844,384.5201416015625,293.8386535644531,374.619384765625,324.9704895019531,263.0657958984375,358.7392578125,271.98272705078125,157,veh
0,124.10775470733643,478.9438695907593,101.68234252929688,505.3976745605469,69.5462875366211,506.13153076171875,150.83786010742188,436.4296569824219,174.36452865600586,467.8166160583496,158,veh
1,326.10784912109375,326.11871337890625,328.38250732421875,387.3429260253906,292.66180419921875,376.8719787597656,325.195068359375,265.4841613769531,358.1920166015625,274.7757873535156,158,veh
0,120.42772769927979,480.0566473007202,97.58616638183594,506.1660461425781,65.37749481201172,506.4268798828125,148.13856506347656,437.9576721191406,170.60868453979492,469.6759910583496,159,veh
1,324.4001693725586,328.7478561401367,326.0456848144531,389.5432434082031,290.65997314453125,379.05560302734375,324.0119934082031,268.39349365234375,356.8830261230469,277.99908447265625,159,veh
0,116.52235889434814,481.14718532562256,93.84186553955078,506.4747619628906,61.55787658691406,507.1048889160156,143.9207000732422,439.88299560546875,166.76899337768555,471.12609481811523,160,veh
1,323.1143798828125,330.98622131347656,323.9013977050781,391.93646240234375,288.656005859375,380.22210693359375,323.09002685546875,270.88055419921875,356.8100891113281,280.90576171875,160,veh
0,112.74664211273193,482.289870262146,89.526123046875,507.58331298828125,57.8157958984375,507.6864318847656,140.77450561523438,441.38739013671875,162.87014389038086,472.50234603881836,161,veh
1,321.76456451416016,333.70860290527344,322.5647888183594,394.9168701171875,286.6824645996094,382.0696105957031,322.1370544433594,274.0487365722656,355.6739501953125,283.7991943359375,161,veh
0,108.75765705108643,483.60624599456787,84.87828063964844,508.6823425292969,53.47667694091797,508.66046142578125,137.17507934570312,442.4989929199219,159.50059127807617,474.5831871032715,162,veh
1,320.3602066040039,335.6322326660156,320.3812561035156,397.1855773925781,284.9456787109375,384.070556640625,321.5655212402344,275.2765808105469,354.5483703613281,285.9962158203125,162,veh
0,104.55383396148682,484.6648015975952,80.72712707519531,509.41656494140625,49.51946258544922,509.31591796875,133.04055786132812,443.83734130859375,154.9281883239746,476.08938217163086,163,veh
1,319.0260314941406,337.94319915771484,318.11309814453125,398.8584899902344,283.4367980957031,385.9834899902344,320.8982849121094,278.11956787109375,353.65594482421875,288.8112487792969,163,veh
1,317.5299530029297,340.8801574707031,316.052978515625,401.7942199707031,281.0751647949219,389.1692199707031,320.0937194824219,280.92657470703125,352.89794921875,291.630615234375,164,veh
1,315.80909729003906,343.0308380126953,313.8849792480469,403.7861022949219,278.71197509765625,390.6128234863281,318.6885681152344,283.79486083984375,351.95086669921875,293.9295654296875,165,veh
1,314.7527313232422,345.6698760986328,312.10980224609375,406.576416015625,277.14605712890625,392.48443603515625,318.54376220703125,286.1872253417969,351.2113037109375,297.4314270019531,166,veh
1,312.7146682739258,347.53316497802734,309.37677001953125,408.4283142089844,274.505126953125,394.1888122558594,317.5380554199219,288.0779113769531,349.438720703125,299.4376220703125,167,veh
1,311.4718780517578,349.8929443359375,307.54583740234375,410.5459289550781,272.8638000488281,395.98883056640625,316.7852478027344,290.6920471191406,348.692626953125,302.344970703125,168,veh
1,310.233154296875,352.11907958984375,305.86602783203125,412.6308288574219,271.30804443359375,397.9413757324219,315.9882507324219,293.3744201660156,347.7702941894531,304.5296936035156,169,veh
1,308.81607818603516,354.3792037963867,303.7509460449219,414.81903076171875,268.7202453613281,399.8363342285156,315.79400634765625,295.4316101074219,346.9991149902344,307.4298400878906,170,veh
1,307.29188537597656,356.8530960083008,301.59271240234375,417.1440734863281,266.9278259277344,401.6943359375,314.3471374511719,298.0928649902344,346.29986572265625,310.4811096191406,171,veh
1,305.4552307128906,358.7379913330078,299.182373046875,418.2933349609375,265.1562194824219,403.5860900878906,312.6919250488281,300.05108642578125,344.7904052734375,313.0214538574219,172,veh
1,303.63533782958984,360.6943588256836,296.3753356933594,420.5225524902344,262.1197509765625,404.6982727050781,312.17230224609375,302.21099853515625,343.87396240234375,315.3456115722656,173,veh
1,302.0787658691406,363.0078582763672,294.34991455078125,422.5976867675781,260.1229248046875,406.5749816894531,310.76971435546875,304.8261413574219,343.072509765625,318.0326232910156,174,veh
1,300.1480712890625,365.0421447753906,291.96307373046875,424.5130920410156,257.56561279296875,407.8175354003906,310.1963806152344,307.57318115234375,340.8672180175781,320.2647705078125,175,veh
1,298.73878479003906,367.27489471435547,289.9413146972656,426.5693359375,255.77383422851562,409.80224609375,308.5222473144531,309.3849182128906,340.7177429199219,323.34307861328125,176,veh
1,297.2279357910156,369.33226013183594,287.60064697265625,428.3219299316406,254.0462646484375,411.28094482421875,307.8794860839844,311.37945556640625,339.3853454589844,326.3467102050781,177,veh
1,295.4685249328613,370.7807846069336,285.3135681152344,429.6594543457031,251.3790740966797,412.1055603027344,307.4453125,313.43438720703125,337.73614501953125,327.9237365722656,178,veh
1,293.6048889160156,373.29329681396484,282.49554443359375,432.0486755371094,249.01443481445312,413.4482421875,305.7912902832031,316.1102294921875,337.1182861328125,331.5660400390625,179,veh
1,291.3302917480469,374.9447479248047,279.76397705078125,433.0999755859375,246.13140869140625,414.9209289550781,304.63763427734375,317.81121826171875,334.78814697265625,333.9468688964844,180,veh
1,289.62935638427734,377.0132827758789,277.73388671875,434.535400390625,243.82266235351562,416.6313781738281,303.2927551269531,320.5177001953125,333.6681213378906,336.36865234375,181,veh
1,287.5322494506836,378.8500518798828,274.72210693359375,436.67987060546875,241.80886840820312,417.63702392578125,301.6766662597656,322.75750732421875,331.9213562011719,338.3258056640625,182,veh
1,285.8307189941406,381.02237701416016,271.9760437011719,438.50469970703125,239.60134887695312,418.9892578125,300.81561279296875,325.24530029296875,330.92987060546875,341.3502502441406,183,veh
1,283.7118453979492,382.6409606933594,269.31964111328125,439.9143371582031,236.73248291015625,420.621826171875,299.65167236328125,326.6695556640625,329.1435852050781,343.3581237792969,184,veh
1,281.26574325561523,384.90589904785156,265.6904602050781,441.9899597167969,234.05528259277344,421.64202880859375,298.1877746582031,329.5263366699219,327.12945556640625,346.46527099609375,185,veh
1,279.07958984375,386.84861755371094,263.93328857421875,443.4851989746094,230.85003662109375,422.7576904296875,296.245849609375,331.88104248046875,325.2891845703125,349.2705383300781,186,veh
1,277.9011993408203,387.73675537109375,264.6530456542969,441.004638671875,228.67901611328125,424.43621826171875,294.8545227050781,334.2211608886719,323.418212890625,351.2850036621094,187,veh
1,276.2728958129883,390.23624420166016,261.8671569824219,442.3328857421875,227.6754150390625,428.52691650390625,293.723388671875,336.12469482421875,321.82562255859375,353.9604797363281,188,veh
1,273.3865547180176,391.43030548095703,258.52532958984375,444.0286560058594,222.8637237548828,426.3521423339844,292.03082275390625,338.3304748535156,320.1263427734375,357.00994873046875,189,veh
1,270.8120765686035,393.0655517578125,255.7316436767578,445.0791015625,220.07308959960938,427.1728820800781,289.473388671875,340.79547119140625,317.9701843261719,359.2147521972656,190,veh
1,268.3770751953125,395.63785552978516,252.191162109375,447.0576477050781,217.13980102539062,430.1493225097656,287.999267578125,343.87408447265625,316.1780700683594,361.4703674316406,191,veh
1,266.0338668823242,397.55250549316406,248.2471160888672,448.06378173828125,215.2239227294922,432.05609130859375,286.88043212890625,345.4096984863281,313.78399658203125,364.6804504394531,192,veh
1,264.2312240600586,400.2949447631836,245.64453125,449.5149230957031,214.14450073242188,437.14599609375,285.26348876953125,347.51568603515625,311.87237548828125,367.003173828125,193,veh
1,261.21730041503906,402.36717987060547,241.51220703125,451.4269104003906,211.19287109375,438.88043212890625,282.4102783203125,349.8387451171875,309.75384521484375,369.3226318359375,194,veh
1,258.93853759765625,404.3414306640625,238.52203369140625,452.3702392578125,208.19815063476562,440.5373840332031,281.2524719238281,352.1379089355469,307.781494140625,372.3201904296875,195,veh
1,256.29629135131836,405.93968963623047,235.10202026367188,453.0796813964844,205.1636505126953,441.5461730957031,279.3026123046875,353.9922790527344,305.61688232421875,375.140625,196,veh
1,254.26446914672852,407.0019760131836,235.8477325439453,450.8255615234375,201.75439453125,442.84063720703125,276.7288818359375,357.20306396484375,302.72686767578125,377.1386413574219,197,veh
1,252.74724578857422,407.7581100463867,237.41177368164062,449.6103210449219,198.3848876953125,443.1348571777344,275.0149841308594,358.524169921875,300.1773376464844,379.7630920410156,198,veh
1,249.6310272216797,409.3534469604492,233.88818359375,450.8251647949219,195.04312133789062,443.4473876953125,272.2944030761719,360.7877197265625,297.29840087890625,382.353515625,199,veh
1,247.02057647705078,410.7356719970703,231.70657348632812,450.96881103515625,191.27523803710938,444.2537841796875,270.49609375,363.146240234375,294.6044006347656,384.5738525390625,200,veh
1,243.60808944702148,413.0597229003906,225.4209442138672,454.0295104980469,188.052978515625,445.59161376953125,268.4283142089844,365.0333557128906,292.5301208496094,387.58441162109375,201,veh
1,240.10111236572266,414.5019989013672,221.695556640625,454.1496887207031,183.95736694335938,446.4447937011719,265.47711181640625,366.9671936035156,289.2744140625,390.4463195800781,202,veh
1,237.1403045654297,415.52416229248047,217.90914916992188,455.205322265625,180.77993774414062,445.92138671875,263.43353271484375,369.44049072265625,286.4385986328125,391.5294494628906,203,veh
1,233.84700393676758,416.90846252441406,214.30096435546875,456.26776123046875,176.9442901611328,446.6516418457031,260.6259765625,370.83056640625,283.51678466796875,393.8838806152344,204,veh
1,230.54175567626953,418.4745101928711,209.16912841796875,457.42083740234375,173.68429565429688,446.73773193359375,258.44696044921875,373.2648620605469,280.86663818359375,396.474609375,205,veh
1,227.9060173034668,419.39257049560547,208.11550903320312,456.7589111328125,169.80897521972656,447.363037109375,255.59048461914062,375.0530090332031,278.1091003417969,398.39532470703125,206,veh
1,224.58751678466797,420.8034439086914,204.02642822265625,457.8062438964844,166.6513214111328,448.56207275390625,253.2324981689453,376.7454528808594,274.4398193359375,400.1000061035156,207,veh
1,222.08848190307617,423.8285827636719,200.00186157226562,458.757568359375,166.6969757080078,455.2718811035156,250.0457763671875,379.1415710449219,271.60931396484375,402.143310546875,208,veh
1,218.0085906982422,425.38231658935547,193.91604614257812,461.0337219238281,162.61660766601562,455.3656921386719,246.85336303710938,380.5361328125,268.6483459472656,404.5937194824219,209,veh
1,214.90979385375977,426.3325958251953,190.7279052734375,460.2154846191406,158.6456298828125,455.4932556152344,244.91578674316406,382.4046936035156,265.349853515625,407.2169494628906,210,veh
1,211.24506759643555,427.56766510009766,186.5731964111328,461.4217834472656,154.577392578125,455.8775634765625,242.0198974609375,384.2372131347656,261.8097839355469,408.7341003417969,211,veh
1,207.29296493530273,428.99149322509766,181.87338256835938,462.6767578125,150.83299255371094,456.4716491699219,237.74057006835938,385.480712890625,258.72491455078125,411.33685302734375,212,veh
1,204.41817474365234,429.7578353881836,180.1912841796875,462.1114501953125,146.78515625,456.5411682128906,235.57867431640625,387.5047912597656,255.11758422851562,412.8739318847656,213,veh
1,200.14743423461914,430.8285827636719,175.21282958984375,462.0635986328125,142.60142517089844,456.87445068359375,231.84385681152344,389.2074890136719,250.93162536621094,415.1687927246094,214,veh
1,196.55072402954102,431.61839294433594,170.9833526611328,462.23199462890625,138.45010375976562,457.1364440917969,228.76974487304688,390.691162109375,247.99969482421875,416.4139709472656,215,veh
1,192.59536743164062,432.8521423339844,166.78506469726562,463.1929016113281,134.20570373535156,457.0966491699219,225.22593688964844,392.5715637207031,244.16476440429688,418.5474548339844,216,veh
1,188.24750137329102,433.5153579711914,162.46609497070312,463.4644775390625,129.32562255859375,456.3675537109375,221.44480895996094,393.9222106933594,239.75347900390625,420.30718994140625,217,veh
1,184.37803840637207,434.4090347290039,157.572509765625,463.8659973144531,125.1882095336914,456.58099365234375,218.39096069335938,395.7825622558594,236.3604736328125,421.4065856933594,218,veh
1,180.2557144165039,435.47420501708984,153.5622100830078,464.63140869140625,121.16429138183594,457.2871398925781,214.39004516601562,397.02630615234375,231.90631103515625,422.95196533203125,219,veh
1,176.5593147277832,435.7679214477539,150.53128051757812,463.9155578613281,116.47294616699219,455.91632080078125,210.77618408203125,398.0143127441406,228.45684814453125,425.2254943847656,220,veh
1,172.00607299804688,436.7878112792969,144.57943725585938,465.0517883300781,112.35920715332031,456.5032043457031,207.3125762939453,399.32525634765625,223.7730712890625,426.27099609375,221,veh
1,168.04648971557617,437.3836441040039,140.71444702148438,464.10113525390625,108.16098022460938,456.4618835449219,203.24343872070312,401.21112060546875,220.0670928955078,427.76043701171875,222,veh
1,163.45660018920898,437.9994201660156,136.24005126953125,464.1437072753906,103.42118835449219,456.0968322753906,199.28591918945312,402.1525573730469,214.87924194335938,429.6045837402344,223,veh
1,159.5056266784668,438.7069625854492,132.4646453857422,464.0987548828125,99.234375,455.9740295410156,195.25537109375,403.4868469238281,211.068115234375,431.2682189941406,224,veh
1,154.90412712097168,439.29956817626953,128.0428924560547,463.8139343261719,94.20001983642578,456.236572265625,191.2431640625,404.92425537109375,206.13043212890625,432.2235107421875,225,veh
1,150.10306930541992,440.01197052001953,122.41572570800781,465.0400695800781,89.35731506347656,455.128662109375,187.10064697265625,406.4469909667969,201.53858947753906,433.4321594238281,226,veh
1,145.8691864013672,440.07908630371094,118.44586944580078,463.944580078125,84.95781707763672,455.2264099121094,182.505126953125,406.6278991699219,197.56793212890625,434.5174560546875,227,veh
1,141.59610176086426,440.8348922729492,113.66814422607422,464.8717956542969,81.19810485839844,454.8162536621094,178.52557373046875,407.9393310546875,192.99258422851562,435.7121887207031,228,veh
1,136.4776668548584,441.80706787109375,107.04386901855469,465.70697021484375,76.0674819946289,455.80194091796875,174.11624145507812,409.2254943847656,188.68307495117188,436.4938659667969,229,veh
1,131.7845802307129,441.5801010131836,102.89976501464844,464.6900634765625,70.98568725585938,454.86578369140625,169.63058471679688,409.32025146484375,183.62228393554688,437.4443054199219,230,veh
1,127.4665470123291,442.05614471435547,98.26691436767578,464.8511657714844,67.10411071777344,454.5127868652344,165.74386596679688,410.13079833984375,178.7512969970703,438.7298278808594,231,veh
1,122.26050758361816,442.1275863647461,92.61957550048828,464.77447509765625,61.24505615234375,453.5964660644531,161.04727172851562,410.4394836425781,174.130126953125,439.6999206542969,232,veh
1,117.46190643310547,441.91387939453125,88.39122009277344,464.02166748046875,56.39129638671875,452.679443359375,156.03372192382812,411.2957458496094,169.03138732910156,439.6586608886719,233,veh
1,112.45539093017578,442.0942687988281,82.95918273925781,463.5823974609375,51.74345397949219,452.6216735839844,151.21475219726562,411.6462097167969,163.9041748046875,440.52679443359375,234,veh
1,107.98154067993164,442.5342788696289,78.59759521484375,464.1179504394531,46.93017578125,452.0763244628906,146.70236206054688,412.60308837890625,159.69602966308594,441.3397521972656,235,veh
