,id,x_c,y_c,x_fl,y_fl,x_fr,y_fr,x_rr,y_rr,x_rl,y_rl,frame,label,x_est,y_est,vx_est,vy_est
0,0,386.2496643066406,130.488130569458,405.9771728515625,194.9917297363281,363.0302429199219,190.9553680419922,368.0007019042969,66.00788879394531,407.99053955078125,69.99753570556639,10,veh,386.2496643066406,130.488130569458,10.6036435546875,70.52882684326171
1,0,386.6919250488281,133.42977333068848,406.9980163574219,198.16441345214844,362.9827575683594,193.9566650390625,368.0949401855469,68.300537109375,408.6919860839844,73.29747772216797,11,veh,386.6919250488281,133.42977333068848,10.6036435546875,70.52882684326171
2,0,386.8180694580078,135.53690338134766,407.07318115234375,199.55792236328125,363.7646789550781,196.33029174804688,367.8229370117188,70.99431610107422,408.6114807128906,75.26508331298828,12,veh,386.9440380699716,135.86944680552503,10.58254909242686,70.47313975897956
3,0,386.7769317626953,138.26091003417972,406.0159606933594,202.60122680664062,363.7253112792969,198.40444946289062,368.7787780761719,74.18096160888672,408.5876770019531,77.85700225830078,13,veh,387.0090908152929,138.4699365104076,10.48960466332834,70.38945641223042
4,0,386.55443501472473,140.73297047615048,406.01318359375,204.8053131103516,363.7325439453125,200.91156005859372,368.0269565582275,76.32261848449706,408.4450559616089,80.89239025115967,14,veh,386.89084869793345,140.9866667844131,10.270717878681982,70.22438949621618
5,0,386.0143120288849,143.21509671211246,405.79632568359375,207.5806884765625,363.4605894088745,204.06389141082764,367.27393531799316,78.62168312072755,407.5263977050781,82.59412384033203,15,veh,386.50289009063596,143.47737990088206,9.82932612279495,69.98743731540041
6,0,386.1471719741821,145.45701503753662,406.7264099121094,209.75796508789062,362.75283241271967,205.0126438140869,367.06452369689936,81.34144020080565,408.044921875,85.71601104736328,16,veh,386.43205880394515,145.80654650684303,9.501587020744509,69.58532981894604
7,0,385.71524024009705,148.01025938987732,406.03204345703125,212.9155120849609,362.73858070373535,207.8079776763916,367.0379991531372,83.52497577667236,407.0523376464844,87.79257202148438,17,veh,386.12695396880184,148.26864634102668,8.930748108521255,69.22707767469326
8,0,385.57812023162836,150.88997745513916,405.86456298828125,214.8929443359375,362.8907537460327,211.0636510848999,366.4095811843872,86.86506366729736,407.1475830078125,90.73825073242188,18,veh,385.9170154709845,150.98782846917894,8.385646062769826,69.06968747932412
9,0,385.83173561096186,153.0812473297119,406.8057861328125,217.34613037109372,362.41207695007324,212.7790355682373,367.11524391174316,89.03434944152832,406.9938354492188,93.16547393798828,19,veh,385.9909410046767,153.3693939040718,8.096778757330284,68.5468652145454
10,0,385.5875205993652,155.3465518951416,406.7082214355469,219.2964782714844,361.3156108856201,215.2179546356201,366.5292224884033,91.4371509552002,407.7970275878906,95.43462371826172,20,veh,385.8574826007564,155.66776403711185,7.555943282723937,67.90335642309864
11,0,385.479348897934,158.0106904506683,405.90185546875,222.3891448974609,361.4280376434326,217.4521770477295,366.7654504776001,93.97530460357666,407.8220520019531,98.22613525390624,21,veh,385.73082052124533,158.18814116168284,7.009000194411864,67.51740655476975
12,0,385.59249925613403,160.79543733596805,405.7372131347656,225.122314453125,361.8845806121826,220.5145092010498,367.32983779907227,96.93510818481444,407.4183654785156,100.6098175048828,22,veh,385.74812031150526,160.8708692207786,6.646495408824429,67.34169498949036
13,0,385.2072055339813,163.37692141532895,405.8854370117188,227.0707244873047,361.7176733016968,222.95387935638428,366.1296730041504,99.8564796447754,407.0960388183594,103.62660217285156,23,veh,385.5018510726359,163.4859232062482,5.919519402111332,67.07275595498504
14,0,385.1782612800598,166.1607098579407,405.5154724121094,229.6201171875,361.8982830047608,226.2100658416748,366.2860145568848,102.42653274536131,407.0132751464844,106.38612365722656,24,veh,385.38310854936276,166.20477180354948,5.389064522381306,66.9586569282413
15,0,385.0640950202942,168.42423868179318,405.4982299804688,232.7129211425781,362.1741313934326,228.11759757995603,366.2512245178223,104.57770156860352,406.3327941894531,108.28873443603516,25,veh,385.2588456411548,168.62954988053437,4.863788557762374,66.40489726632454
16,0,384.8107075691223,170.8634877204895,405.2770080566406,235.4156036376953,361.1899089813232,230.17927360534668,366.4230690002442,107.1440315246582,406.35284423828125,110.7150421142578,26,veh,385.0433254296138,171.05490739141305,4.214442263576629,65.8705545736102
17,0,384.84803652763367,173.57320284843445,405.255859375,237.59030151367188,361.366415977478,233.42691707611084,366.3500099182129,109.4818000793457,406.41986083984375,113.79379272460938,27,veh,384.9803648843387,173.65488879483496,3.834174455620732,65.63581625635166
18,0,384.630827665329,176.43646121025085,404.9914245605469,240.24403381347656,361.1333837509155,236.0335760116577,365.7637672424317,112.88226699829102,406.6347351074219,116.58596801757812,28,veh,384.8121954310517,176.42079377146032,3.3000447165583684,65.68195700776701
19,0,384.67504000663763,178.67404055595398,405.0204162597656,243.17559814453125,360.3687963485718,237.05622005462646,366.532901763916,115.18652725219728,406.7780456542969,119.27781677246094,29,veh,384.7727230183087,178.84688754832106,3.0063412479515526,65.16225803116886
20,0,384.47568559646606,180.79074716567996,404.6211242675781,244.79464721679688,360.4004497528076,239.76212882995603,366.160587310791,117.13090896606444,406.7205810546875,121.47530364990234,30,veh,384.62565660213636,181.0655174653365,2.547448823323611,64.32149545535232
21,0,384.5390064716339,183.93537068367004,404.7462644577026,248.8066740036011,360.51012992858887,243.10900688171387,366.1099281311035,119.5854835510254,406.7897033691406,124.24031829833984,31,veh,384.60741523606146,183.86901592567403,2.3349997629895536,64.5275656292974
22,0,384.39120531082153,186.21214151382446,404.4937744140625,250.45980834960938,360.9508953094482,245.1772747039795,365.6484107971192,122.47591018676758,406.47174072265625,126.7355728149414,32,veh,384.5023134713936,186.33551389737448,1.9855891100455714,64.1395867007516
23,0,384.6321110725403,188.92998933792114,404.307373046875,253.31903076171875,361.1943645477295,247.55622673034668,366.7868995666504,124.9888801574707,406.2398071289063,129.85581970214844,33,veh,384.61547874266125,188.9585522042839,2.0384520464191955,64.04880465168425
24,0,384.7328038215637,192.09095430374146,404.6558837890625,255.6103820800781,361.40633964538574,251.8965740203857,366.7057228088379,128.28381729125977,406.1632690429688,132.57304382324222,34,veh,384.72137534292705,191.92785416589203,2.0751029708142856,64.57186384540562
25,0,384.4217915534973,194.76224565505981,404.7075500488281,258.5263671875,360.8247661590576,254.7403697967529,366.058048248291,130.5161170959473,406.0968017578125,135.26612854003906,35,veh,384.55831511930114,194.71232070169413,1.6339368777988743,64.73319274485708
26,0,384.29426622390747,196.76245546340942,404.9637145996094,260.70849609375,360.736967086792,256.0861797332764,365.7823829650879,132.86030960083008,405.6940002441406,137.39483642578122,36,veh,384.411661667361,196.99208191373958,1.2521369246258578,63.98638890473994
27,0,384.5153114795685,199.3501274585724,405.0689086914063,263.66781616210943,361.13900089263916,258.10906314849854,366.079044342041,136.22029495239258,405.7742919921875,139.40333557128906,37,veh,384.4971460036646,199.4598873642593,1.3115376669039176,63.62747621207631
28,0,384.0758309364319,201.93995904922485,404.34600830078125,265.9339599609375,361.06659507751465,261.49374961853033,364.8480567932129,138.1944465637207,406.0426635742188,142.13768005371094,38,veh,384.24391904014306,202.00130438775778,0.7593597726961241,63.42595368250583
29,0,383.90878200531006,204.32920360565186,404.2181396484375,268.72360229492193,360.19808197021484,263.470329284668,365.940372467041,140.46986770629886,405.2785339355469,144.65301513671875,39,veh,384.0382675344077,204.44128085660054,0.33233539427440406,63.05633926493262
30,0,384.191237449646,207.32654094696045,404.5245361328125,271.1732177734375,361.15169525146484,266.8813095092773,365.83020401000977,143.54338455200198,405.2585144042969,147.708251953125,40,veh,384.14214401980627,207.23644811733854,0.49477203542398174,63.35443163051426
31,0,384.26908993721014,209.94189953804016,404.4020080566406,272.94461059570307,361.34304904937744,270.0488290786743,366.0640296936035,146.20730972290042,405.2672729492188,150.5668487548828,41,veh,384.23157997963403,209.91965637090826,0.6192281536601953,63.42823331991634
32,0,383.8997585773468,212.3787624835968,404.6732177734375,276.23080444335943,360.88482761383057,271.6936960220337,365.01330947875977,148.5802803039551,405.0276794433594,153.01026916503906,42,veh,384.0259263951771,212.44451271322876,0.19962274422297555,63.20956304012742
33,0,384.0917224884033,215.0125560760498,404.7207946777344,278.1480712890625,362.0066871643066,275.0330848693848,364.7622413635254,151.71937942504886,404.8771667480469,155.14968872070312,43,veh,384.0714519188312,215.03665523907955,0.26717248439416963,63.12925487733936
34,0,384.0631504058838,217.09447288513184,405.0250854492188,280.46096801757807,360.0719337463379,275.8208656311035,365.523380279541,154.04092788696292,405.6322021484375,158.0551300048828,44,veh,384.0700079691869,217.2973275542117,0.24428176181558275,62.45212077759673
35,0,383.62383460998535,219.79237174987796,403.84747314453125,283.146240234375,359.983829498291,279.2964210510254,365.0257911682129,156.03570938110354,405.6382446289063,160.6911163330078,45,veh,383.7847603423948,219.8310663591291,-0.293658869726563,62.32277289627177
36,0,384.0267429351807,222.36055946350098,404.89794921875,285.290283203125,361.0517311096192,281.54492568969727,365.002140045166,158.5683631896973,405.1551513671875,164.03866577148438,46,veh,383.9371028705439,222.3852016871656,0.006350482967697357,62.24029975660454
37,0,383.2742176055908,224.85310173034668,404.6568298339844,288.03668212890625,359.64453506469727,283.9045753479004,364.4120216369629,162.38011550903317,404.3834838867188,165.09103393554688,47,veh,383.5080209842809,224.89824473139905,-0.7769465674405309,62.08905994232554
38,0,383.4595355987549,227.22441291809082,404.8038940429688,290.22955322265625,359.88086318969727,286.0533790588379,364.5959815979004,164.59398269653317,404.5574035644531,168.02073669433594,48,veh,383.4652045223295,227.31729520765907,-0.7959552104644012,61.777613463569004
39,0,383.6671924591065,230.12656211853027,404.6159057617188,293.1360778808594,361.0023536682129,289.3841896057129,364.50644302368164,167.53306961059567,404.5440673828125,170.45291137695312,49,veh,383.58428473941916,230.04455787060624,-0.5177517457105271,62.05278525677522
40,0,383.2780323028565,232.91786003112796,404.0543823242188,296.36199951171875,359.67465591430664,291.72726821899414,364.7766456604004,169.9413795471191,404.6064453125,173.6407928466797,50,veh,383.37837489947884,232.81733291071518,-0.8546673263399699,62.39032040418982
41,0,383.2476749420166,235.46358680725098,403.7890930175781,298.34912109375,359.8925514221192,294.0770606994629,364.5721778869629,172.9219093322754,404.7368774414063,176.50625610351562,51,veh,383.2811800190247,235.448057955249,-0.9672245179441407,62.44248813894106
42,0,383.63315773010254,237.8102855682373,404.73638916015625,300.655517578125,360.2005958557129,296.1361122131348,364.7484169006348,175.3808479309082,404.8472290039063,179.06866455078125,52,veh,383.49487496331204,237.89563643005573,-0.5024710956542161,62.15563312405976
43,0,383.32554054260254,240.7205295562744,403.6718444824219,304.3518981933594,360.06421279907227,299.6175575256348,364.8064613342285,177.62565994262695,404.7596435546875,181.28700256347656,53,veh,383.37783825695124,240.63858762147132,-0.6783037690801751,62.43113406404466
44,0,383.2619342803955,243.553129196167,403.9468078613281,306.4197998046875,359.92294692993164,303.0305519104004,364.4950904846192,180.43608474731445,404.6828918457031,184.3260803222656,54,veh,383.2928139979844,243.44364218692147,-0.7821587927118925,62.799362040865155
45,0,383.5241641998291,245.98664665222168,403.8740234375,309.1452331542969,361.0291175842285,305.1826820373535,364.4354286193848,182.71440505981445,404.7580871582031,186.90426635742188,55,veh,383.43112746678094,246.0135225482395,-0.4691728748608469,62.70894853742826
46,0,383.0831775665283,248.6572971343994,404.10491943359375,311.2442932128906,359.81274795532227,307.53586196899414,363.9094886779785,185.62529373168945,404.5055541992188,190.22373962402344,56,veh,383.19891292717773,248.64732787971178,-0.8586075976920857,62.74249380755427
47,0,383.407808303833,251.07169914245603,403.8083190917969,313.10028076171875,360.771427154541,310.94873428344727,364.80176162719727,188.04762649536133,404.2497253417969,192.19015502929688,57,veh,383.3215648213299,251.13954886133865,-0.5683537394329172,62.51414446316439
48,0,383.08865547180176,253.60756492614743,403.9801635742188,316.1903991699219,360.21164321899414,313.7934913635254,364.5913429260254,190.2517738342285,403.5714721679688,194.1945953369141,58,veh,383.1623857057724,253.65667535726632,-0.8165342273548661,62.34883574107358
49,0,382.8991413116455,256.4810695648193,403.5846862792969,318.75177001953125,359.92551040649414,316.3352699279785,363.99682998657227,193.31540298461914,404.0895385742188,197.52183532714844,59,veh,382.9799135996608,256.4021519273082,-1.0884559343852618,62.61451372586407
50,0,382.9881534576416,258.8782482147217,403.56732177734375,321.7831115722656,359.967227935791,317.5808753967285,364.6626625061035,195.62089920043945,403.7554016113281,200.52810668945312,60,veh,382.9692502479311,258.925985313966,-1.0248104859533844,62.45378710140315
51,0,383.0203876495361,261.8067722320557,403.21319580078125,324.4331359863281,360.287052154541,320.62411880493164,363.981388092041,198.88440322875977,404.59991455078125,203.28543090820312,61,veh,382.98730207477416,261.7095245954249,-0.9134033434838406,62.78124344414249
52,0,382.4064884185791,264.17075157165533,402.1876831054688,327.29833984375,358.9364967346192,323.1912879943848,364.58496475219727,201.21663284301758,403.91680908203125,204.97674560546875,62,veh,382.59775254381395,264.2261789492071,-1.5574893517738886,62.59459057176788
53,0,382.4031391143799,266.432954788208,402.2365112304688,329.3705749511719,359.36606216430664,325.137149810791,364.038516998291,202.95332717895508,403.9714660644531,208.2707672119141,63,veh,382.44883114048093,266.57531134435897,-1.7113690090492035,62.11516823179659
54,0,382.2282886505127,268.703046798706,402.76416015625,330.9322509765625,358.6333351135254,327.2576942443848,363.4495277404785,206.52109146118164,404.0661315917969,210.1011505126953,64,veh,382.2808564425723,268.86621088399386,-1.8884150769588328,61.5656385941143
55,0,382.0013523101807,271.6669864654541,402.7648010253906,334.8607482910156,358.3966407775879,330.10742568969727,363.5568885803223,208.97909927368164,403.2870788574219,212.72067260742188,65,veh,382.0720964924086,271.5848834603518,-2.1266903996150077,61.84217186392818
56,0,382.3022632598877,274.6912670135498,403.0111389160156,337.3175964355469,359.346866607666,333.61890029907227,363.62155532836914,211.92181777954102,403.2294921875,215.90675354003903,66,veh,382.1898900891543,274.5055286234791,-1.7481873357568811,62.46778871943762
57,0,382.0807285308838,277.404462814331,401.97564697265625,339.31689453125,359.26254653930664,336.8121681213379,363.9309425354004,214.5519905090332,403.1537780761719,218.93679809570312,67,veh,382.09350259687244,277.30102831890514,-1.7912153702372706,62.81619642608303
58,0,382.01563453674316,279.8920345306396,402.2648315429688,342.48052978515625,358.48276138305664,338.8069190979004,364.1126136779785,216.66656875610352,403.2023315429688,221.61412048339844,68,veh,382.01674793752613,279.9022386976301,-1.7949658520268685,62.781823769748065
59,0,381.62954139709467,282.19845390319824,402.0439758300781,344.2721862792969,358.0493812561035,341.51645278930664,363.51034927368164,219.09462356567383,402.9144592285156,223.9105529785156,69,veh,381.7396138581654,282.31204032691716,-2.1657535950707607,62.399198967127504
60,0,381.3364658355713,284.87109947204584,400.8941650390625,346.966064453125,357.5628700256348,344.0288734436035,363.2658729553223,221.3843116760254,403.6229553222656,227.1051483154297,70,veh,381.44670603793287,284.8864328514712,-2.5371144554685845,62.347546150330814
61,0,381.41315650939936,287.09262657165533,401.942626953125,350.0168762207031,357.4431800842285,345.2201881408692,362.81689834594727,224.14819717407227,403.4499206542969,228.98524475097656,71,veh,381.38768808444524,287.23155386263653,-2.4513186222920895,61.87953987580996
62,0,381.40210914611816,289.60185050964355,401.5732116699219,351.53363037109375,357.56836318969727,348.508731842041,363.6511878967285,226.51654434204102,402.815673828125,231.84849548339844,72,veh,381.3609965418897,289.6760673100871,-2.312819874504573,61.629520833739434
63,0,381.14174842834467,292.62866401672363,400.6020202636719,355.46270751953125,357.7612037658692,351.438419342041,363.44174575805664,229.3712043762207,402.76202392578125,234.2423248291016,73,veh,381.1850186387743,292.4939982241529,-2.458589009626537,62.0831843569497
64,0,381.15440559387207,294.8371028900146,400.612548828125,357.5609436035156,357.52734756469727,353.90637588500977,363.4801979064941,231.67670059204102,402.9975280761719,236.2043914794922,74,veh,381.12905660581043,294.9238954739783,-2.373192125072312,61.790793344934166
65,0,380.8397693634033,297.41804695129395,400.8426513671875,359.77740478515625,356.3969459533692,356.31222915649414,363.1122779846192,234.5213661193848,403.0072021484375,239.06118774414062,75,veh,380.90683448984123,297.44731166764814,-2.5991264593792107,61.69220403989078
66,0,380.28777503967285,300.1006336212158,400.5430603027344,362.3393859863281,356.25668716430664,358.7455787658692,362.16760635375977,237.66962051391602,402.1837463378906,241.64794921875,76,veh,380.46773360398333,300.0723562773388,-3.2053900149384296,61.78746776410594
67,0,380.39946937561035,302.6674518585205,400.4637756347656,364.267578125,356.28076553344727,361.9304542541504,362.77844619750977,239.69159317016602,402.0748901367188,244.7801818847656,77,veh,380.3764122594627,302.6610941749868,-3.1277122263164894,61.808886348914896
68,0,379.96528053283686,305.42365455627436,399.4657897949219,367.24993896484375,355.4336585998535,363.9843482971192,362.9465370178223,242.7772254943848,402.01513671875,247.68310546875,78,veh,380.06419427175905,305.3585958265463,-3.460947493328325,62.02806584216432
69,0,380.11109352111816,308.03828620910645,399.72991943359375,369.5152587890625,355.58945083618164,367.1112098693848,363.0838050842285,245.17973709106445,402.0411987304688,250.3469390869141,79,veh,380.0436956849702,308.0056530851472,-3.233886577915559,62.1380056773647
70,0,379.0793933868408,310.3652629852295,398.0829162597656,373.71588134765625,354.71518325805664,367.94186782836914,361.8678932189941,247.2396125793457,401.6515808105469,252.56369018554688,80,veh,379.37168783851223,310.4470445162429,-4.218620212927231,61.86248548239976
71,0,379.04995155334467,313.5919933319092,396.9406127929688,376.52642822265625,354.577335357666,371.5659523010254,362.30807876586914,250.6966896057129,402.373779296875,255.5789031982422,81,veh,379.1013270639118,313.3929660307392,-4.39170378445954,62.53300643175186
72,0,378.9696826934815,315.71228218078613,397.8384704589844,378.4145812988281,354.1251564025879,374.0500526428223,362.32422256469727,252.84860610961914,401.59088134765625,257.535888671875,82,veh,378.9515244007096,315.8140693274997,-4.330528502815723,62.190085572057
73,0,378.7181949615479,318.0547313690185,397.94427490234375,380.6058654785156,353.0513343811035,375.1590614318848,361.7839088439941,255.6705207824707,402.09326171875,260.78347778320307,83,veh,378.7367703858895,318.1791963981587,-4.393109254890535,61.77076190077034
74,0,378.37402534484863,320.2705249786377,397.9466857910156,382.74102783203125,352.12900161743164,377.5232276916504,362.56323623657227,257.5785255432129,400.857177734375,263.23931884765625,84,veh,378.43728790195536,320.44145279319264,-4.606241756608921,61.194903535325345
75,0,378.12578773498535,323.2959995269776,397.1534729003906,385.8385620117188,352.03857803344727,381.0609474182129,361.6765480041504,260.7867774963379,401.6345520019531,265.49771118164057,85,veh,378.16785854148173,323.18949975963807,-4.747979183448925,61.55370347853679
76,0,377.98879432678217,325.84927558898926,396.3961791992188,388.0252685546875,351.7944984436035,383.55026626586914,362.121768951416,263.50647354125977,401.6427307128906,268.31509399414057,86,veh,377.9821104774716,325.8166882093802,-4.725461121744174,61.66349120574882
77,0,377.54226875305176,328.2411823272705,395.6678466796875,390.4704895019531,351.6772804260254,386.0581703186035,361.182559967041,265.4509620666504,401.6413879394531,270.985107421875,87,veh,377.6278156768135,328.29312354544845,-5.013671290841725,61.488499673430404
78,0,377.1983432769776,330.9882526397705,394.8651428222656,393.6033935546875,351.39355850219727,388.4665870666504,361.2090187072754,267.7374610900879,401.3256530761719,274.14556884765625,88,veh,377.2759997674203,330.9422481464201,-5.275298631257709,61.64349036607986
79,0,376.78862953186035,333.365327835083,394.8851318359375,395.72021484375,350.2729225158692,390.87350845336914,360.9628639221192,270.6146278381348,401.0335998535156,276.25296020507807,89,veh,376.8828441288765,333.4174735209051,-5.592711078982056,61.46780962976867
80,0,376.5135364532471,336.06822395324707,393.9313049316406,398.7596435546875,350.1087074279785,394.3816261291504,361.9823951721192,272.7489051818848,400.03173828125,278.38272094726557,90,veh,376.5614795639591,336.03755470067455,-5.754233308373515,61.57113555033817
81,0,376.18389320373535,338.41901588439936,394.0379638671875,400.8801574707031,348.9281349182129,395.8826026916504,361.66064834594727,275.59469985961914,400.10882568359375,281.318603515625,91,veh,376.2323796721137,338.4847647148969,-5.9175862367449374,61.34962500609788
82,0,375.7031726837158,341.22440528869635,391.799072265625,403.5792846679688,349.5657386779785,399.51132583618164,361.3303565979004,277.8045997619629,400.1175231933594,284.0024108886719,92,veh,375.80269027647034,341.16067343464044,-6.252865328688143,61.56434039022521
83,0,375.0674839019776,343.7643451690674,391.5793151855469,406.2201232910156,348.66748428344727,401.4238929748535,360.3006324768066,281.00339126586914,399.7225036621094,286.40997314453125,93,veh,375.2346690338348,343.75168561232095,-6.816119559109705,61.60699100642231
84,0,374.5825366973877,345.7684497833252,390.29931640625,408.73828125,347.76623916625977,403.3259620666504,360.44006729125977,282.448917388916,399.82452392578125,288.5606384277344,94,veh,374.71216708336584,345.9632473168393,-7.252850332040035,60.95070909586117
85,0,374.35657691955566,348.25938606262207,390.2690734863281,410.7706604003906,346.70102310180664,405.5615882873535,360.5300025939941,285.15268325805664,399.92620849609375,291.5526123046875,95,veh,374.3752846304216,348.3460838654134,-7.315877497070594,60.65862008703135
86,0,373.9488315582275,350.5790882110596,390.0708618164063,412.7032165527344,345.657169342041,407.8573036193848,360.15512466430664,287.3237953186035,399.91217041015625,294.4320373535156,96,veh,373.9915854429904,350.6837417850755,-7.45991740255488,60.30603713478231
87,0,372.9685688018799,353.58545112609863,388.3699645996094,416.0163879394531,345.21789932250977,411.6879005432129,358.9995460510254,290.3838539123535,399.286865234375,296.253662109375,97,veh,373.2194385673768,353.4492661733104,-8.305109975527861,60.76485093571729
88,0,372.46839332580566,355.67573738098145,387.2969055175781,417.9439086914063,344.4059181213379,413.4226417541504,359.93515396118164,292.60568618774414,398.235595703125,298.730712890625,98,veh,372.6109956288491,355.7842546873753,-8.785544241184086,60.39925072242726
89,0,372.1016788482666,358.31396675109863,387.03155517578125,420.7428894042969,343.3636512756348,415.4129676818848,360.01074600219727,295.0762062072754,398.0007629394531,302.0238037109375,99,veh,372.15203283910813,358.31024623027236,-8.955189374503894,60.411785344629884
90,0,371.206621170044,360.44761848449707,386.1681518554688,422.9488525390625,342.3191566467285,417.5269203186035,358.50802993774414,297.1306495666504,397.8311462402344,304.1840515136719,100,veh,371.4081644367411,360.58234539074766,-9.634198896434475,59.957883541292176
91,0,370.8349170684815,363.1408634185791,384.8182678222656,425.6187133789063,341.089786529541,419.9445838928223,358.77902603149414,299.8385353088379,398.652587890625,307.16162109375,101,veh,370.8953268365452,363.1205041298239,-9.837722503934348,60.02647502949674
92,0,370.24489784240717,365.56459999084467,384.86309814453125,427.72064208984375,339.8401222229004,422.4720802307129,358.5275001525879,302.8940773010254,397.7488708496094,309.1716003417969,102,veh,370.32951548042354,365.5855720222377,-10.122803696350639,59.955819172667276
93,0,370.0700397491455,367.76873207092285,384.1379699707031,430.0093994140625,340.00754165649414,424.3935279846192,358.3984107971192,304.77161026000977,397.7362365722656,311.900390625,103,veh,370.01269261690567,367.88062111439064,-9.929598229477222,59.5788591742002
94,0,368.6168994903565,370.1931324005127,382.0950927734375,431.98431396484375,337.84885025024414,426.3841590881348,357.36923599243164,307.9128761291504,397.1544189453125,314.4911804199219,104,veh,368.96283803757893,370.25389652262345,-11.095083247108992,59.374141675967444
95,0,367.9396915435791,372.731035232544,381.0816345214844,434.865234375,337.4145851135254,429.17905044555664,357.3060646057129,309.891544342041,395.95648193359375,316.9883117675781,105,veh,368.13717625075157,372.7307745428044,-11.760419572170441,59.37501995335821
96,0,367.3375415802002,375.30303382873535,379.1271057128906,437.80450439453125,336.48547744750977,431.01132583618164,357.24936294555664,312.1030006408692,396.48822021484375,320.2933044433594,106,veh,367.44647989837785,375.269264918402,-12.127438492863957,59.48878918746127
97,0,366.8569812774658,376.73961067199707,379.1263427734375,438.9503479003906,335.5506019592285,432.97421646118164,357.2459754943848,313.43967056274414,395.5050048828125,321.5942077636719,107,veh,366.8864716820195,377.0958357049729,-12.226793220491581,58.28864827175828
98,0,365.7485218048096,380.1192569732666,377.3324890136719,442.1075134277344,334.18091201782227,436.7447853088379,356.1702308654785,316.9500160217285,395.3104553222656,324.6747131347656,108,veh,365.96982976724564,379.9105277224988,-12.972391440944405,58.99186814787969
99,0,365.2210712432861,382.4042682647705,376.710205078125,443.5766296386719,333.00558853149414,438.90182876586914,356.1368751525879,319.3822975158692,395.0316162109375,327.7563171386719,109,veh,365.29426652505026,382.392538202544,-13.218990221043997,59.03138734865099
100,0,363.9391803741455,384.435640335083,375.8900451660156,445.8950500488281,330.5681800842285,440.3885536193848,355.31625747680664,321.47494888305664,393.98223876953125,329.9840087890625,110,veh,364.22242499536696,384.5832991385567,-14.173256373955281,58.533917007549114
101,0,363.69716835021967,387.05496406555176,374.1246948242188,448.9490661621094,330.6062660217285,442.58920669555664,355.3426551818848,323.55978775024414,394.7150573730469,333.1217956542969,111,veh,363.673949383072,387.0442824899384,-14.095030440263061,58.56990380318681
102,0,362.481035232544,389.4771137237549,372.26202392578125,451.0288696289063,329.78381729125977,445.5359230041504,354.36890029907227,326.78149795532227,393.5093994140625,334.5621643066406,112,veh,362.69425303980336,389.48064634735306,-14.813372572682791,58.55800220640581
103,0,361.68187141418457,391.7294254302978,370.978759765625,451.8408203125,328.21594619750977,448.2441139221192,354.37915420532227,328.92355728149414,393.15362548828125,337.9092102050781,113,veh,361.8209099317635,391.79764433349266,-15.281800740642574,58.32816908965345
104,0,360.5381717681885,393.8796100616455,370.2102355957031,455.0034484863281,325.9668617248535,449.3068885803223,354.0633583068848,330.97034072875977,391.9122314453125,340.2377624511719,114,veh,360.76560064060794,394.00323695158477,-16.048020730395816,57.911663509975924
105,0,359.7974262237549,395.9159564971924,368.1021118164063,455.9394836425781,325.44760513305664,452.0647315979004,353.46701431274414,333.56946182250977,392.1729736328125,342.09014892578125,115,veh,359.90273858123135,396.09310494865423,-16.402823678444324,57.31484093067942
106,0,358.5473957061768,398.13205909729004,366.4074096679688,459.3360290527344,323.22531509399414,453.255313873291,353.48544692993164,334.855411529541,391.0714111328125,345.08148193359375,116,veh,358.7839338216503,398.25594934358827,-17.19973321055622,56.89744808042722
107,0,357.30793952941895,400.15085792541504,365.26361083984375,460.2858276367188,321.3976173400879,455.1587562561035,352.4314308166504,337.98791885375977,390.13909912109375,347.1709289550781,117,veh,357.5752827892956,400.3193758257585,-18.100426925349534,56.329702277748034
108,0,356.06299781799316,402.9009189605713,363.3511962890625,462.5764465332031,319.9756507873535,457.7017250061035,351.09534072875977,340.91955947875977,389.8298034667969,350.40594482421875,118,veh,356.3298914799944,402.8191173334718,-18.999605927233354,56.60529632841328
109,0,354.9744663238525,405.4549732208252,361.1417846679688,465.3808898925781,318.5973243713379,460.1969947814941,350.3031959533692,343.164737701416,389.8555603027344,353.0772705078125,119,veh,355.17286512180715,405.3580821825246,-19.66802207786537,56.93172741327519
110,0,353.7752017974853,407.00074195861816,359.30078125,467.728515625,316.563663482666,461.176456451416,350.331485748291,344.20019912719727,388.9048767089844,354.8977966308594,120,veh,353.97866102060897,407.25865787833254,-20.35348707472264,56.06279489509201
111,0,352.2391986846924,409.4743213653565,357.51953125,470.096435546875,313.92148208618164,462.8758277893066,349.602725982666,346.73556900024414,387.9130554199219,358.189453125,121,veh,352.55303499449064,409.51753509288426,-21.410818380347777,55.917205536814116
112,0,351.00437355041504,411.6689395904541,355.819091796875,471.5072021484375,312.5208168029785,465.46530532836914,348.42636489868164,349.81409072875977,387.251220703125,359.88916015625,122,veh,351.23542936140166,411.73265869922255,-22.189257762779388,55.702532452129475
113,0,349.5817050933838,414.14356422424316,353.64666748046875,474.1563415527344,310.25497817993164,466.5979042053223,348.2981300354004,351.9150123596192,386.1270446777344,363.9049987792969,123,veh,349.83834400398564,414.11267809838455,-23.053887978454455,55.80658946203453
114,0,347.9807987213135,416.16348457336426,351.9153137207031,475.3524169921875,308.06152725219727,468.7488441467285,347.1279945373535,354.186466217041,384.818359375,366.3662109375,124,veh,348.296556920718,416.26102923058875,-24.11769424273695,55.47795629400147
115,0,346.84109687805176,417.9530811309815,350.3824768066406,477.7534484863281,305.40170669555664,470.448429107666,346.8927345275879,355.1763343811035,384.6874694824219,368.4341125488281,125,veh,346.9995213862055,418.1722229542117,-24.6514348862915,54.73965576762668
116,0,345.5277729034424,420.11372566223145,347.4867248535156,479.85064697265625,304.41122817993164,472.328556060791,346.76758193969727,357.55090713500977,383.445556640625,370.7247924804688,126,veh,345.68409248107713,420.2341075766906,-25.17808390728781,54.33408265672882
117,0,343.8655185699463,422.5333881378174,345.499755859375,481.8231201171875,302.4166603088379,474.06897354125977,345.2197914123535,360.4050941467285,382.3258666992188,373.83636474609375,127,veh,344.1363209037879,422.52172549714686,-26.090431460818476,54.373374717223726
118,0,342.416353225708,424.74854469299316,343.4874267578125,483.84228515625,300.54211807250977,475.8164405822754,344.2212562561035,362.754825592041,381.4146118164063,376.5806274414063,128,veh,342.6389960933601,424.7629954504336,-26.840527196701657,54.32468934207265
119,0,340.83773231506353,426.9305515289306,341.7679443359375,485.27392578125,298.0791664123535,478.29895401000977,343.24328994750977,365.1687965393066,380.2605285644531,378.98052978515625,129,veh,341.07799933321934,426.9651714136538,-27.64999963969527,54.208053097621885
120,0,339.0572299957276,428.84277534484863,339.7472229003906,486.17266845703125,295.45431900024414,479.837345123291,341.92724990844727,367.0997657775879,379.1001281738281,382.2613220214844,130,veh,339.36295436748634,428.9778619553853,-28.68000141115662,53.75293907660656
121,0,337.5006198883057,430.5859699249268,337.396484375,487.6824035644531,293.057804107666,481.1439552307129,341.5623817443848,369.1542701721192,377.9858093261719,384.3632507324219,131,veh,337.7353714667401,430.8093393125568,-29.470892043928814,53.00039565388366
122,0,336.11229896545416,432.67405891418457,335.35009765625,489.6715393066406,290.66174697875977,482.47702407836914,340.6140480041504,371.4551124572754,377.82330322265625,387.0925598144531,132,veh,336.2511082613829,432.7959355240209,-29.938547991966328,52.58978683164851
123,0,334.56668281555176,434.9097003936768,332.63592529296875,491.9142150878906,289.3491859436035,485.1289710998535,340.05444717407227,373.9719581604004,376.2271728515625,388.6236572265625,133,veh,334.72023954804035,434.9377765243215,-30.455888843456822,52.495196844619656
124,0,331.9636783599853,436.9297885894776,330.3160705566406,493.55560302734375,285.7649574279785,485.4609718322754,337.6034889221192,376.9258460998535,374.1701965332031,391.7767333984375,134,veh,332.4874588827391,436.9993809120425,-32.220533462909586,52.26073658457832
125,0,330.74470710754395,439.3120746612549,328.26025390625,494.5631103515625,284.8326759338379,488.53476333618164,337.036075592041,379.26718521118164,372.8498229980469,394.88323974609375,135,veh,330.8852770972768,439.26521043749113,-32.69412128331191,52.41862466317389
126,0,328.6992664337158,441.3577823638916,325.4257507324219,496.703125,282.7084083557129,490.420841217041,334.6611671447754,381.17749404907227,372.0017395019531,397.1296691894531,136,veh,328.98908288778796,441.3908112350853,-33.670528431872754,52.307348627982286
127,0,326.55024909973145,443.29231452941895,322.69976806640625,499.07122802734375,279.60303115844727,491.17245864868164,334.0129737854004,383.6468849182129,369.8852233886719,399.2786865234375,137,veh,326.9148105826518,443.3910416983809,-34.89875558432113,51.974731510474264
128,0,324.54336738586426,445.07368659973145,319.97705078125,500.48236083984375,276.82748794555664,492.88705825805664,332.3613624572754,385.7195472717285,369.007568359375,401.2057800292969,138,veh,324.8661271075617,445.2446520245155,-35.98615036565708,51.398739841745105
129,0,322.55672645568853,447.4325580596924,317.3590087890625,502.8304443359375,274.2324562072754,494.3479042053223,331.78036880493164,388.2870826721192,366.8550720214844,404.2648010253906,139,veh,322.841639101581,447.4169999670679,-36.94603632266453,51.451155888710176
130,0,320.4847583770752,448.8700351715088,314.69842529296875,504.2369995117188,271.0408058166504,495.06030654907227,330.23959732055664,390.118839263916,365.960205078125,406.0639953613281,140,veh,320.77229461659334,449.1142209162205,-37.914761307224666,50.628481041977544
131,0,318.29178047180176,450.6058521270752,311.890869140625,505.4720153808594,268.8360939025879,497.0414161682129,328.26587295532227,392.2803077697754,364.1742858886719,407.6296691894531,141,veh,318.60864733668785,450.8243444493834,-38.98230273906234,49.89236871074266
132,0,316.4487857818604,452.6927967071533,309.848388671875,506.4164123535156,266.627872467041,497.81296157836914,327.27865982055664,394.5676002502442,362.0402221679688,411.9742126464844,142,veh,316.63696146712715,452.7676751568959,-39.616276697129635,49.640099204775694
133,0,314.0702457427978,454.407075881958,307.5176086425781,507.1552429199219,262.9119911193848,499.4718360900879,325.8939552307129,396.8176002502442,359.9574279785156,414.1836242675781,143,veh,314.392481219923,454.5589656925227,-40.70190527127349,49.12837430116969
134,0,313.39717292785645,454.96450996398926,308.4443664550781,504.0822448730469,260.6824073791504,500.44968032836914,325.27356338500977,399.42261123657227,359.1883544921875,415.9035034179688,144,veh,313.14967697895014,455.54369757315186,-39.86807816899727,47.177060237418296
135,0,311.01790809631353,457.1170444488525,306.6566467285156,504.3626403808594,258.29590225219727,502.569278717041,322.13351821899414,401.4462623596192,356.9855651855469,420.0899963378906,145,veh,311.1831643326043,457.2560095659315,-40.42483527657376,46.70887931804407
136,0,308.7805461883545,458.98085975646967,303.7633972167969,506.5514221191406,255.01784133911133,503.6012916564941,320.38000869750977,403.950138092041,355.9609375,421.8205871582031,146,veh,309.03306813199083,459.0595526203618,-41.2755952242972,46.44375884650406
137,0,305.62233543396,462.3507862091065,296.78094482421875,512.591796875,252.55510330200195,505.8332252502442,319.2620887756348,406.2247657775879,353.8912048339844,424.75335693359375,147,veh,306.21761897394987,461.87357823365284,-43.28113734114209,48.05149806483168
138,0,302.95270729064936,463.65810585021967,292.9942321777344,514.75341796875,249.3421058654785,505.6875953674317,317.64572525024414,407.3357582092285,351.8287658691406,426.8556518554688,148,veh,303.4671244449288,463.7355022169527,-45.014236275139915,47.7907455616065
139,0,300.6165218353272,465.42984199523926,290.3969421386719,515.9928588867189,246.1124153137207,506.5261878967285,316.1096839904785,409.5491065979004,349.8470458984375,429.6512145996094,149,veh,300.9594600656782,465.5351885397044,-46.16961353370789,47.43582741317157
140,0,295.91561317443853,468.1250858306885,289.2464599609375,514.9049072265625,242.8233985900879,507.32553482055664,303.84799575805664,418.3084449768066,347.7445983886719,431.9614562988281,150,veh,297.0144833065748,467.9096152032886,-49.87176584123199,48.16175949295376
141,0,294.58395195007324,469.0653705596924,288.5702819824219,514.1771240234375,240.45427322387692,508.2747230529785,303.5799598693848,419.1993141174317,345.7312927246094,434.6103210449219,151,veh,294.7074567723008,469.36597114521913,-50.28786019964734,47.14902002644476
142,0,291.39928627014166,469.3177127838135,284.8260803222656,515.439453125,236.97607803344727,509.2725563049317,302.03781509399414,420.07089614868164,341.7571716308594,432.4879455566406,152,veh,291.82596112979047,470.0277303197381,-51.7253506456043,44.756932934194396
143,0,289.20279502868647,471.3142261505127,282.13983154296875,516.8079223632811,235.58903884887692,512.041202545166,299.2821083068848,421.88818740844727,339.8002014160156,434.51959228515625,153,veh,289.3669410608689,471.5187077158257,-52.27836741627349,44.06802359287624
144,0,286.65520286560064,475.0534381866455,278.40072631835943,518.0991821289061,236.80153274536133,517.8872718811035,293.8418312072754,427.4299354553223,337.57672119140625,436.79736328125,154,veh,286.84243388531655,474.455500980771,-52.909158745905465,46.08250605257938
145,0,284.6942043304444,475.6190586090088,275.5162353515625,518.287109375,233.1118049621582,519.2818031311035,295.400577545166,426.569034576416,334.7481994628906,438.3382873535156,155,veh,284.6735795582903,475.8863481076273,-52.83967278428244,45.181993421240264
146,0,281.0116634368896,477.4446430206299,271.38955688476557,520.0833740234375,229.34437942504883,519.7222328186035,290.5371437072754,429.6083106994629,332.77557373046875,440.3646545410156,156,veh,281.5254932902255,477.5595884375392,-54.570793070283926,44.79473615757062
147,0,278.5775012969971,479.3145008087158,268.80416870117193,520.5558471679689,226.6811866760254,521.3609046936035,288.24777603149414,431.8544044494629,330.5768737792969,443.4868469238281,157,veh,278.8142949543057,479.3544648867913,-55.36856357954165,44.660095038882595
148,0,276.4116077423096,479.6333026885986,269.52069091796875,518.4651489257811,223.6043739318848,521.122257232666,285.055850982666,434.04233169555664,327.46551513671875,444.9034729003906,158,veh,276.444506457888,480.1914663487432,-55.479401113702885,42.779611784103736
149,0,273.42848777771,481.27171516418457,263.70046997070307,521.614501953125,220.43281936645508,521.737979888916,284.23276138305664,434.0132179260254,325.347900390625,447.7211608886719,159,veh,273.6758994920789,481.5198162796552,-56.31294442569434,41.94374584289033
150,0,270.2100124359131,482.73403358459467,260.5883178710937,522.6148071289061,216.1296272277832,522.7171669006349,281.3662452697754,436.3444557189941,322.755859375,449.25970458984375,160,veh,270.60370910456714,482.9226374880987,-57.639329580694216,41.30832919423529
151,0,266.4739513397217,484.88901710510254,254.33285522460938,525.4454345703125,212.89116287231445,523.7760963439941,277.9001808166504,438.524845123291,320.7716064453125,451.8096923828125,161,veh,267.08210487739257,484.8032144130556,-59.688231409326185,41.59740305757202
152,0,264.0933971405029,485.22102546691895,251.8749542236328,525.2564697265625,210.66574478149414,524.7673072814941,276.96603775024414,439.9615821838379,316.8668518066406,450.89874267578125,162,veh,264.2693215981024,485.6851976212388,-60.28093032588411,40.03358221812997
153,0,261.27349662780756,487.0424213409424,248.87820434570312,526.3397216796875,207.35719680786133,525.4382667541504,274.023624420166,442.5197486877442,314.8349609375,453.8719482421875,163,veh,261.44321757311843,487.1525526453982,-60.852729277410766,39.66254395704339
154,0,257.68974113464355,487.62746620178217,244.87582397460938,527.3770751953125,202.83675003051758,525.2632179260254,271.4859962463379,442.58105850219727,311.5603942871094,455.28851318359375,164,veh,258.1180590604507,488.04307589014866,-62.29575530138678,38.26233266539783
155,0,254.4947872161865,488.47890663146967,241.173095703125,528.5794067382811,199.5475959777832,525.1538429260254,268.96301651000977,444.4717445373535,308.2954406738281,455.7106323242188,165,veh,254.856010124173,488.88770862480743,-63.512734618093944,36.88505686278092
156,0,251.6547107696533,489.6829090118408,237.2379913330078,529.4854736328125,196.30257034301758,525.9682350158691,267.878116607666,445.5475196838379,305.2001647949219,457.73040771484375,166,veh,251.84934020121176,489.9448231032781,-64.16845159338203,36.00265426597229
157,0,247.3155460357666,489.01099586486816,234.264892578125,529.5072631835939,191.61987686157227,526.3967628479004,264.2022132873535,447.3684425354004,299.1752014160156,452.7715148925781,167,veh,247.97011764438483,489.8692610611802,-66.37373838827503,33.111112868479175
158,0,243.55708122253415,489.93360328674316,230.15220642089844,530.4794921875,188.5965003967285,525.9556007385254,259.559513092041,449.21542739868164,295.92010498046875,454.0838928222656,168,veh,244.1366830008838,490.39760609356296,-68.3264478111467,31.547862569807283
159,0,240.83164024353027,490.74721717834467,226.77703857421875,530.430908203125,185.10417556762692,527.1020851135254,257.4636573791504,450.277530670166,293.981689453125,455.1783447265625,169,veh,240.99207609192794,491.08771218645603,-68.86696477406042,30.400716657533
160,0,238.31734275817868,491.7552967071533,223.4024353027344,531.1065063476561,181.5427131652832,527.0348854064941,256.405948638916,450.953311920166,291.91827392578125,457.9264831542969,170,veh,238.247708651363,491.9668746360925,-68.63236374001985,29.687899287150557
161,0,234.7786922454834,492.44184303283686,219.275634765625,531.2652587890625,178.1013069152832,526.9813575744629,253.7217140197754,452.7480812072754,288.01611328125,458.7726745605469,171,veh,234.9924170599853,492.71082296435696,-69.35241408280727,28.78169149679474
162,0,231.05198860168457,493.5548725128174,215.28591918945312,532.2222900390625,174.01001358032227,527.6516456604004,250.90283584594727,454.38086318969727,284.0091857910156,459.9646911621094,172,veh,231.4212586615243,493.6804660467868,-70.59650468496127,28.358560156629945
163,0,226.97933387756348,494.7696323394776,211.59246826171875,532.7141723632811,170.85258865356442,528.3329811096191,244.3082160949707,456.482364654541,281.1640625,461.5490112304688,173,veh,227.50704857564773,494.80262577255723,-72.37440375641754,28.247403514130916
164,0,222.9271717071533,495.58410835266113,207.8890380859375,533.8223876953125,167.1882057189941,527.6874732971191,238.43500137329102,458.2577247619629,278.19644165039057,462.56884765625,174,veh,223.47736953144664,495.7238977749514,-74.22804968380989,27.776445466171225
165,0,218.04059410095212,497.13808631896967,204.6401672363281,534.140869140625,163.6914253234863,528.8859596252441,228.4031105041504,461.424747467041,275.4276733398437,464.1007690429688,175,veh,218.86552326164264,497.04798362774005,-77.00728019251989,28.080006256982177
166,0,214.5254230499268,497.7103290557861,200.1123504638672,534.2136840820311,160.32313919067386,528.9714088439941,225.3109169006348,462.63132095336914,272.35528564453125,465.02490234375,176,veh,214.92302651278365,497.8896427526151,-78.3468275463994,27.475888811988717
167,0,211.16436576843262,498.7729816436768,196.162109375,534.68115234375,156.79239273071292,529.9044532775879,222.22786331176758,463.74960708618164,269.47509765625,466.7567138671875,177,veh,211.3373769791677,498.8655362556463,-78.92971157831028,27.164067368930084
168,0,207.4083385467529,499.2343006134033,192.17051696777344,535.6050415039061,153.58899307250974,529.4489479064941,218.5414161682129,464.6799049377442,265.33242797851557,467.2033081054688,178,veh,207.6328245867303,499.50361149386845,-79.68601706587854,26.256744593856325
169,0,203.87664222717285,499.96646308898926,188.2025451660156,536.0286865234375,149.62245559692386,529.8808326721191,215.40944290161133,465.7713966369629,262.27212524414057,468.1849365234375,179,veh,204.02909621426798,500.1892808834703,-80.19964271072197,25.506059514682185
170,0,200.3964900970459,500.7616901397705,184.3257598876953,536.2565307617189,145.75304031372067,530.1869850158691,212.20085525512692,466.7659339904785,259.30630493164057,469.8373107910156,180,veh,200.49784555791516,500.9348652767344,-80.54111468491776,24.922623206529405
171,0,196.7946529388428,501.3478717803955,180.4844970703125,536.763427734375,142.1080055236816,529.2327003479004,208.39836502075195,467.4258155822754,256.187744140625,471.96954345703125,181,veh,196.9158644951103,501.5686459882149,-80.94948290759702,24.178823080230867
172,0,193.67476463317868,502.12258338928217,176.9875030517578,537.6005249023439,138.6313362121582,530.1272926330566,206.59645462036133,467.97522354125977,252.4837646484375,472.7872924804688,182,veh,193.62712927911886,502.28275999787934,-80.78899684939327,23.63917951008099
173,0,190.41350746154785,502.70807838439936,173.09994506835938,537.8779296875,135.21524429321292,530.1077003479004,204.01778030395508,468.72983169555664,249.3210601806641,474.1168518066406,183,veh,190.35854753435936,502.9056493473526,-80.60383391216462,22.97355235802793
174,0,186.20263862609863,502.93902015686035,168.60227966308594,538.593017578125,131.05328750610352,529.7475318908691,199.53781509399414,469.77209854125977,245.6171722412109,473.6434326171875,184,veh,186.48246857258692,503.2649324799936,-81.54659598385767,21.87553629218757
175,0,182.6809139251709,504.0061206817627,164.79922485351562,538.8555908203125,126.7265968322754,530.5458717346191,196.7753791809082,470.81714248657227,242.4224548339844,475.8058776855469,185,veh,182.8220100430332,504.06645442637017,-82.02195635916081,21.67226867636236
176,0,179.21085166931152,504.1744022369385,161.15682983398438,539.2003173828125,123.8216438293457,530.0055274963379,193.4626808166504,471.2169532775879,238.4022521972656,476.2748107910156,186,veh,179.27786386853404,504.45490645225044,-82.2477240461456,20.727234956902155
177,0,175.48658561706543,504.60530281066895,156.84881591796875,539.2498779296875,119.93695449829102,530.5031471252441,189.82997512817383,471.2857093811035,235.3305969238281,477.3824768066406,187,veh,175.61375486566715,504.85695747335814,-82.67616405327131,19.879396924820547
178,0,171.91710472106934,505.18830299377436,153.26187133789062,539.5595703125,116.01279067993164,531.0285987854004,186.6588478088379,472.1337623596192,231.7349090576172,478.0312805175781,188,veh,172.00462904556127,505.3637281708658,-82.9710381884991,19.288380111011453
179,0,168.0492076873779,505.2758808135986,149.01849365234375,539.91845703125,111.40039443969728,530.1015968322754,182.9824562072754,472.4686012268066,228.7954864501953,478.6148681640625,189,veh,168.2235905714808,505.59034542354107,-83.558543461426,18.228932003815967
180,0,164.49129295349118,506.6840686798096,144.95059204101562,540.7301635742189,108.89892959594728,531.2799415588379,178.65886306762695,473.9947853088379,225.456787109375,480.73138427734375,190,veh,164.57841019964158,506.5665677821718,-83.85204612792643,18.624798818905223
