,id,x,y,frame,label,x_est,y_est,vx_est,vy_est
0,0,167.5152587890625,266.49600219726557,1,ped,167.5152587890625,266.49600219726557,44.15050744628906,5.816931152346475
1,1,425.5118713378906,335.521728515625,1,ped,425.5118713378906,335.521728515625,27.570058593749998,-6.386185546875
2,2,416.500244140625,354.4994812011719,1,ped,416.500244140625,354.4994812011719,33.89258715820312,0.8575400390624999
3,3,622.47802734375,297.4801940917969,1,ped,622.47802734375,297.4801940917969,38.50442578125,5.308406982421874
4,0,169.35670471191406,266.73861694335943,2,ped,169.35670471191406,266.73861694335943,44.15050744628906,5.816931152346475
5,1,426.6617736816406,335.25537109375,2,ped,426.6617736816406,335.25537109375,27.570058593749998,-6.386185546875
6,2,417.9138488769531,354.5352478027344,2,ped,417.9138488769531,354.5352478027344,33.89258715820312,0.8575400390624999
7,3,624.083984375,297.70159912109375,2,ped,624.083984375,297.70159912109375,38.50442578125,5.308406982421874
8,0,170.81753540039062,267.09432983398443,3,ped,170.96920606008194,267.04926156387415,44.125108968390265,5.824478198457191
9,1,428.02825927734375,334.7843933105469,3,ped,427.94195341847353,334.8659320992921,27.584511207416433,-6.399839876117418
10,2,419.7405700683594,354.6916198730469,3,ped,419.5759480574356,354.64356002321523,33.920154444549816,0.8655880493780906
11,3,625.3353881835938,298.08807373046875,3,ped,625.4766734405127,298.0222954592797,38.480766422989234,5.319422085609382
12,0,172.87966918945312,266.62222290039057,4,ped,172.85293255267572,266.8778390750437,44.135812929375135,5.722142755769699
13,1,429.0562133789063,334.8641052246094,4,ped,429.0700421756341,334.7629603322232,27.578974875308752,-6.35934671346069
14,2,420.96710205078125,354.6610107421875,4,ped,420.9761064740664,354.66812695828395,33.91654954104838,0.8627390859841346
15,3,627.7387084960938,297.71136474609375,4,ped,627.4880154048943,297.9146446405154,38.58113091870785,5.2380393718067975
16,0,174.5710906982422,267.18585205078125,5,ped,174.6173486619154,267.15970107295965,44.10571529233451,5.739157828985897
17,1,430.2158508300781,334.44390869140625,5,ped,430.2175346979434,334.4642006074054,27.577879270578027,-6.37254960165776
18,2,422.7187805175781,354.5841369628906,5,ped,422.5950726910453,354.62937626927743,33.99703975216906,0.8333042359501189
19,3,630.1163330078125,298.34930419921875,5,ped,629.7320300224977,298.2677839842553,38.83117676697182,5.291080311065979
20,0,175.4940185546875,266.93270874023443,6,ped,175.85454537454672,267.1073219963855,43.780007737042965,5.581408519781479
21,1,431.7781677246094,333.5752258300781,6,ped,431.624506258674,333.8085558472723,27.716700289307983,-6.583344874825297
22,2,424.147705078125,354.26861572265625,6,ped,424.0972822408609,354.4167028343924,34.042592809948665,0.6995192067181583
23,3,631.266845703125,298.0662536621094,6,ped,631.2985846866386,298.22433628727697,38.80250309789035,5.148265123564795
24,0,176.8091278076172,267.48492431640625,7,ped,177.13335242735937,267.4310447304176,43.407013710519095,5.643392596565399
25,1,433.6197814941406,333.2451171875,7,ped,433.30752031445604,333.3525922337541,28.075931352113372,-6.706986164882259
26,2,425.0514526367188,353.88665771484375,7,ped,425.2247216351835,354.0947263379113,33.843260934841474,0.4601531969038639
27,3,633.2283935546875,297.9656677246094,7,ped,633.1125240895211,298.14180295560965,38.935801483429245,4.945635881295192
28,0,178.2080078125,266.89862060546875,8,ped,178.48015504691492,267.1826113417141,43.02968300613208,5.249640939389016
29,1,434.710205078125,332.4749450683594,8,ped,434.62451110288833,332.696097214128,28.194745596569287,-7.01361244796377
30,2,426.27032470703125,354.0647277832031,8,ped,426.4056785600991,354.08292225436855,33.655593531829325,0.4349266586457748
31,3,635.0068359375,299.05560302734375,8,ped,634.9068353446502,298.7939066205528,39.07445177770936,5.308476568330973
32,0,179.09361267089844,267.02105712890625,9,ped,179.52811585814158,267.16102187246906,42.3307986644643,5.024512170409783
33,1,435.8505859375,332.2701721191406,9,ped,435.83215078560573,332.3192410140302,28.22439794291206,-7.0925381804051115
34,2,427.7153625488281,353.1708679199219,9,ped,427.74995245362464,353.5130272248606,33.59995678726264,-0.11542553116177973
35,3,636.4215698242188,298.5561218261719,9,ped,636.4638700498414,298.72502959513935,39.00641323114725,5.036793877885335
36,0,180.3827209472656,266.093994140625,10,ped,180.71609254457888,266.5611794196259,41.7259186866009,4.176836413093899
37,1,437.1400146484375,332.0621032714844,10,ped,437.0921942461406,332.04794764419296,28.31116479442515,-7.066853762201262
38,2,429.6007690429688,353.2642517089844,10,ped,429.43629910508054,353.3535324915802,33.898376248280954,-0.27741940897092354
39,3,638.6141967773438,299.4725036621094,10,ped,638.4226398678131,299.2758360942693,39.35398015085561,5.3936337377901955
40,0,182.08030700683597,266.00732421875,11,ped,182.2173074148798,266.2725291156094,41.451455316482814,3.6455312089475753
41,1,437.7537536621094,331.6655578613281,11,ped,437.9428970050407,331.6974826513206,27.93223950451123,-7.130811129750517
42,2,430.7920227050781,353.36456298828125,11,ped,430.8131944563761,353.35633026522703,33.85596126357021,-0.2609261667465209
43,3,640.365478515625,299.99761962890625,11,ped,640.2556729497655,299.8166464356054,39.57396201874813,5.756191143593677
44,0,183.0619964599609,265.41519165039057,12,ped,183.38271419788003,265.7813238988318,40.75390404710252,2.8492047683886876
45,1,439.5588684082031,332.2255554199219,12,ped,439.39529171780174,331.92612850879993,28.28801380240576,-6.479566757378453
46,2,432.0901184082031,353.4836730957031,12,ped,432.1391421762707,353.43353486242637,33.74933606763553,-0.1518770430727854
47,3,641.4479370117188,300.9967346191406,12,ped,641.6141755795896,300.6557683446915,39.21239821878285,6.4977823605341545
48,0,184.5431365966797,265.77545166015625,13,ped,184.73803787014432,265.8205159665054,40.299899644038376,2.744231654874022
49,1,441.0920715332031,331.8875427246094,13,ped,440.9052733646011,331.8038280359142,28.723142775767933,-6.284561170225945
50,2,433.1775207519531,354.0100402832031,13,ped,433.3109529761963,353.7994259565352,33.438518102005276,0.33872945710994407
51,3,643.064697265625,301.32952880859375,13,ped,643.1315355278265,301.18399210308024,39.05670469870864,6.836796590333741
52,0,186.52757263183597,265.9818725585937,14,ped,186.48842790758326,265.96498204383715,40.39648103281846,2.7859054539246184
53,1,441.7418212890625,332.63677978515625,14,ped,441.87199502599776,332.2423951058082,28.40196640945244,-5.311499773774907
54,2,434.63409423828125,353.7025451660156,14,ped,434.659853638052,353.7425244238098,33.374962191176984,0.2400890320239375
55,3,644.1417846679688,301.14501953125,14,ped,644.364621976177,301.2617514018555,38.506900424706664,6.548785207108766
56,0,188.18081665039062,265.86984252929693,15,ped,188.17811741285615,265.94572804050557,40.40347074630885,2.589398857286034
57,1,443.81103515625,332.2997741699219,15,ped,443.5401332380951,332.19962297916004,29.103470729731992,-5.052156859265188
58,2,436.4515380859375,354.6306457519531,15,ped,436.30802625855114,354.31533777325984,33.746588082970064,1.0565834694885416
59,3,645.5949096679688,301.38671875,15,ped,645.7298408352146,301.4399238054393,38.15749427281208,6.411009969097807
60,0,189.31851196289062,265.28662109375,16,ped,189.51361567722668,265.561353064288,39.877242427776494,1.848399418114447
61,1,445.0220336914063,332.1852722167969,16,ped,444.9260369877234,332.1149454129772,29.362390372218556,-4.862473357607048
62,2,437.7373962402344,354.7489013671875,16,ped,437.729569211097,354.6094073352398,33.76769892853283,1.4328228974612507
63,3,647.3673095703125,302.35723876953125,16,ped,647.3508416755071,302.1244752883734,38.20191102122049,7.038813164553413
64,0,191.0994873046875,264.51239013671875,17,ped,191.12712398564435,264.91475784646616,39.80009540078119,0.7252011362952311
65,1,445.8811340332031,332.1804504394531,17,ped,445.97745463796167,332.0845763672623,29.093514080339943,-4.594843548984072
66,2,439.5095520019531,355.3685302734375,17,ped,439.376774859652,355.11863096979954,34.1383426320027,2.130409860018808
67,3,648.3037719726562,303.20782470703125,17,ped,648.5326059609794,302.925619783656,37.56312730105629,7.826580366983716
68,0,192.3026885986328,264.56494140625,18,ped,192.47544521351395,264.7004782261662,39.30365018762731,0.3357132692182992
69,1,448.1042785644531,332.5340270996094,18,ped,447.7785520695516,332.3054024344764,30.02954399330456,-3.937852089106925
70,2,441.1011962890625,355.21807861328125,18,ped,440.99400931632533,355.214301436387,34.44636244105275,2.141264213640295
71,3,649.48046875,303.6495666503906,18,ped,649.7011551431472,303.50780704779754,36.928947801987746,8.23395044756996
72,0,193.7313537597656,264.558349609375,19,ped,193.86783955265676,264.6139327406711,38.90169827157329,0.1720204360560868
73,1,449.2308044433594,333.29119873046875,19,ped,449.1596859350468,332.881780797408,30.238988654742162,-2.7321125086371905
74,2,442.0451965332031,355.29547119140625,19,ped,442.1824412375786,355.2983686702459,34.04217552369367,2.132731111793829
75,3,650.9119873046875,304.9419860839844,19,ped,651.029260066869,304.5536732612812,36.5835784381784,9.377535283820034
76,0,195.55059814453125,264.387451171875,20,ped,195.52918712232113,264.47051037378554,38.96607478271843,-0.07771363011896124
77,1,450.96234130859375,333.405029296875,20,ped,450.76987368057587,333.17851979809933,30.817680987997974,-2.051066497414258
78,2,443.4022216796875,355.5096740722656,20,ped,443.4733394178198,355.466180636082,33.82834585145482,2.2635028074063164
79,3,652.789794921875,306.03570556640625,20,ped,652.7063670971863,305.6479130086185,36.83442084229986,10.543510998263733
80,0,196.6729888916016,264.2392578125,21,ped,196.84390012702178,264.32020688615523,38.44310788743361,-0.3254076194671284
81,1,453.1125793457031,333.7100524902344,21,ped,452.7371964468415,333.49097557747274,31.96630546946086,-1.3807186843295702
82,2,445.3021545410156,355.864990234375,21,ped,445.15379435758706,355.7569205396328,34.28230936251819,2.5941824879712945
83,0,198.1486968994141,264.06570434570307,22,ped,198.25459134854623,264.15114622424414,38.11424394140298,-0.5907544205844417
84,1,453.91925048828125,334.0917053222656,22,ped,453.97287407672025,333.8582441893166,31.799772992651214,-0.6556858799133534
85,2,446.8030090332031,355.9328308105469,22,ped,446.72521838554087,355.9088181972084,34.523894635062256,2.6687556392716876
86,0,198.78770446777344,263.83346557617193,23,ped,199.16204739258276,263.9372901300699,36.93701802830098,-0.9172597374065126
87,1,455.7309265136719,333.599853515625,23,ped,455.57796253601015,333.6817121125014,32.280810956347835,-0.9131131079078177
88,2,448.7506103515625,355.8199768066406,23,ped,448.54318305748143,355.8908902821826,35.176207713508305,2.445748403222912
89,0,200.9253387451172,264.56973266601557,24,ped,200.84649650353938,264.3322943885052,37.187604231821055,-0.16260391660574347
90,1,456.873046875,334.2954406738281,24,ped,456.8912064018933,334.0646886628964,32.22309409276236,-0.17970840990799752
91,2,450.18011474609375,355.590087890625,24,ped,450.12000670356286,355.73268914051715,35.36725055903637,1.9925154013120747
92,0,202.33924865722656,264.38687133789057,25,ped,202.35986739118206,264.36516421999863,37.121480324750685,-0.0929895819258707
93,1,458.1491394042969,334.04681396484375,25,ped,458.17957799143824,334.05048589905385,32.12547809403845,-0.1914842365421701
94,2,451.1453857421875,355.2125549316406,25,ped,451.3044885914845,355.4259645049572,34.8570105974435,1.3081147574912286
95,0,203.17202758789062,264.08395385742193,26,ped,203.43229347871113,264.182009051033,36.280449799929464,-0.4098478943393282
96,1,458.6358947753906,333.8492126464844,26,ped,458.9483004654974,333.9175523111904,31.11596155432079,-0.4123189525035402
97,2,452.2210693359375,354.44281005859375,26,ped,452.411022258088,354.80971058333984,34.24319137855188,0.12250207535453828
98,0,204.55503845214844,264.13507080078125,27,ped,204.69302095744678,264.1456174360022,35.83169546575927,-0.4441482446344122
99,1,460.6678161621094,334.6028747558594,27,ped,460.5187846037607,334.3546111827721,31.600650229834486,0.39509756887796676
100,2,453.819091796875,354.49298095703125,27,ped,453.826215554006,354.60671571621566,34.22002310166635,-0.24739239800246615
101,0,206.5557403564453,264.21124267578125,28,ped,206.42566387036112,264.18151749700684,36.257042969299164,-0.34694750555705434
102,1,462.1909484863281,334.56573486328125,28,ped,462.0658475694213,334.4969784093563,32.00972772184515,0.6199297957440686
103,2,455.8820190429688,354.43927001953125,28,ped,455.6599924915116,354.49477378868966,34.9460454768462,-0.4288886111865813
104,0,208.0450897216797,264.37176513671875,29,ped,208.00723471357463,264.29947635066804,36.38139857923922,-0.10947519921876284
105,1,463.2842102050781,334.50762939453125,29,ped,463.3254224711018,334.51299858435135,31.87434335039927,0.6022917365179038
106,2,457.44970703125,353.9114074707031,29,ped,457.33241268560926,354.1110854281394,35.33136331522015,-1.084840767362534
107,0,209.39756774902344,264.62655639648443,30,ped,209.44242628365888,264.509483469114,36.23346167846655,0.27661423014650477
108,1,464.914306640625,334.05523681640625,30,ped,464.8227168268772,334.22569700630805,32.176393189929456,0.04013890642366447
109,2,458.67816162109375,353.78668212890625,30,ped,458.7232986190413,353.8852258887632,35.18250808308186,-1.4098237063328396
110,0,211.36212158203125,264.93441772460943,31,ped,211.21797155123576,264.78852407405765,36.710414437735245,0.7593361470718468
111,1,467.0594177246094,333.37921142578125,31,ped,466.7436740634763,333.67853889710204,33.22110202258079,-0.9502532744417734
112,2,460.0948791503906,353.0640869140625,31,ped,460.128697036377,353.3331265293073,35.070614010324334,-2.3000017113979805
113,0,213.05096435546875,265.2662353515625,32,ped,212.94445678874536,265.1088560018688,37.063801089540654,1.2815127694710324
114,1,468.0425415039063,333.3910217285156,32,ped,468.07314326472624,333.47848409709843,33.119566947391284,-1.2404489341803224
115,2,461.2096557617188,351.98626708984375,32,ped,461.34436149157295,352.427640736559,34.62366729736654,-3.764456867085653
116,0,214.1130828857422,264.5594482421875,33,ped,214.24616374204524,264.77211863071807,36.62120448957089,0.5742195231492021
117,1,469.17950439453125,333.38568115234375,33,ped,469.27651706378634,333.40016796901654,32.796924917883125,-1.2886287850010065
118,2,462.8627014160156,352.6092224121094,33,ped,462.8365106649862,352.48977746509456,34.71077176662161,-3.367210193890749
119,0,215.32920837402344,264.6073608398437,34,ped,215.48594291404467,264.67392077414536,36.09890158058632,0.3524148890023879
120,1,470.5147399902344,333.3855895996094,34,ped,470.5604812775678,333.371774383204,32.64449643956731,-1.2425908936990022
121,2,464.7229309082031,351.76385498046875,34,ped,464.56819835688134,351.9703629725937,35.22640323916774,-4.055378385795452
122,0,216.89488220214844,264.43502807617193,35,ped,216.92898064399193,264.5244614918414,35.985080105216525,0.053883848622755526
123,1,472.2805480957031,333.4490966796875,35,ped,472.15411049479053,333.4035501212362,33.06654840147642,-1.0905553108199053
124,2,466.0083923339844,351.7565002441406,35,ped,466.0186345235193,351.7722713513058,35.19221454722579,-4.108022746907127
125,0,218.7085266113281,263.92617797851557,36,ped,218.61026107788356,264.1379416396844,36.31356096609885,-0.6539972088144178
126,1,473.3281555175781,333.69781494140625,36,ped,473.40048185971506,333.578009741265,32.82477676195221,-0.6900719073203556
127,2,466.8691101074219,351.7347106933594,36,ped,467.08679917067985,351.687536799998,34.464526125893386,-3.9503304151266705
128,0,220.14642333984372,264.12246704101557,37,ped,220.13881344069813,264.1183055343943,36.33902994502013,-0.6400693863309508
129,1,474.8449096679688,333.5406494140625,37,ped,474.8183383252055,333.543674154714,32.913706320123985,-0.7001951762915251
130,2,469.1932678222656,351.58294677734375,37,ped,468.95737950729193,351.56173057819876,35.2540023603221,-3.879323570163806
131,0,220.8925323486328,263.09649658203125,38,ped,221.16115955456283,263.44733826836307,35.43906477238979,-1.8154726658027973
132,1,476.9434814453125,333.76751708984375,38,ped,476.67822372519953,333.67830165258977,33.802382912081534,-0.40130219517449683
133,2,470.1364135742188,351.22308349609375,38,ped,470.239134409671,351.2854334485601,34.909863075954334,-4.0882107733070105
134,0,223.02902221679688,262.89572143554693,39,ped,222.8916171523609,263.0634941808046,35.89980194500716,-2.3780366485028983
135,1,478.2939453125,334.3792724609375,39,ped,478.2213645902359,334.1262511817479,34.04575557741783,0.4471112840839977
136,2,471.50177001953125,350.79693603515625,39,ped,471.5699506590131,350.9090385397133,34.68124446432556,-4.464105149580253
137,0,223.81524658203125,263.60556030273443,40,ped,224.01748476525242,263.3795068655184,35.221175594049235,-1.6194963136559624
138,1,478.9962768554688,334.0491943359375,40,ped,479.223680694373,334.0829322980348,33.282683862020754,0.33390086188693135
139,2,473.32891845703125,351.45660400390625,40,ped,473.21876676238014,351.19794040781727,35.050867259597375,-3.596138826190359
140,0,225.9711151123047,263.05517578125,41,ped,225.80028806253344,263.14569296088087,35.79475348218698,-1.9234215573593874
141,1,481.2487182617188,334.5569152832031,41,ped,481.0242196930444,334.39474422179467,34.03647206525109,0.8784149481764261
142,2,474.5404052734375,351.1204833984375,41,ped,474.5898529828242,351.0949156547962,34.884839029517565,-3.5102912252285186
143,0,227.6539764404297,262.13858032226557,42,ped,227.5268174164857,262.46529762327015,36.221932402528005,-3.020997958711307
144,1,482.147705078125,335.2292785644531,42,ped,482.25208394151304,334.94802963176824,33.685820976672765,1.8232445928606502
145,2,476.53790283203125,350.915771484375,42,ped,476.3641052664427,350.9273103914529,35.46869579503285,-3.549055110909426
146,0,229.0407867431641,261.827392578125,43,ped,229.03965480930287,262.0078261181083,36.22573670980372,-3.6274155706049562
147,1,483.1584777832031,335.2825622558594,43,ped,483.3342173692582,335.1914516120758,33.095179236226,2.1294576119393165
148,2,478.0701599121094,351.9250183105469,43,ped,477.99024919629665,351.52117569105826,35.73726706760427,-2.1917837470941857
149,0,230.1647491455078,262.121337890625,44,ped,230.30073787957096,262.02800334051767,35.76852241346342,-3.3136109679991024
150,1,484.4142456054688,335.5079650878906,44,ped,484.5200970688647,335.4277098411391,32.73929091439889,2.3992876564932777
151,2,479.15631103515625,352.0904235839844,44,ped,479.2706793102436,351.8575629734878,35.352743961495705,-1.4088718323165552
152,0,231.8704376220703,261.02716064453125,45,ped,231.84299795513647,261.3312021633707,35.86080781891295,-4.336166923478959
153,1,485.9753723144531,335.86114501953125,45,ped,485.94373143585807,335.7436486755886,32.84570588353695,2.794452720476249
154,2,480.9317321777344,351.5443115234375,45,ped,480.86598248275,351.634007885366,35.57387409672819,-1.7105396750011523
155,0,234.2687530517578,260.76394653320307,46,ped,233.94095539098416,260.9001329301668,36.96355560857936,-4.794313110001333
156,1,487.651123046875,335.9385681152344,46,ped,487.53218918823995,335.91094767995276,33.24581261223275,2.8873709368067706
157,2,483.0316162109375,351.9783630371094,46,ped,482.7912799242917,351.8318506729096,36.3823920960629,-1.2176557862058208
158,0,234.99169921875,261.1341552734375,47,ped,235.16472912566735,260.9812006852542,36.381332047311794,-4.2796404350235475
159,1,488.6235656738281,335.90753173828125,47,ped,488.72762494474455,335.9511793640471,32.89566644169352,2.740502244758044
160,2,483.7970886230469,352.4909362792969,47,ped,483.9774125754212,352.2407476807004,35.77562500242177,-0.37580307150175896
161,0,236.9508056640625,260.69955444335943,48,ped,236.85611646850305,260.73590804558404,36.70001009171472,-4.401989080985581
162,1,489.6505737304688,335.8501892089844,48,ped,489.8088444674702,335.9260659668929,32.36300367424891,2.485137768557178
163,2,485.7310791015625,352.01513671875,48,ped,485.638908753416,352.08912610072844,36.08582582444495,-0.6248155529803046
164,0,238.0763702392578,261.157470703125,49,ped,238.18578059324005,260.9441921829046,36.33172813229701,-3.684080505886539
165,1,490.9331665039063,335.66162109375,49,ped,491.01263503997046,335.79134981871965,32.09550770966663,2.048462926683185
166,2,486.73175048828125,351.4369812011719,49,ped,486.87703678487435,351.6576334373955,35.596783242656706,-1.367544508226165
167,0,238.5697326660156,260.64569091796875,50,ped,238.96846447420498,260.69673808345357,34.98938861716996,-3.8559319257085263
168,1,492.7283020019531,335.0731201171875,50,ped,492.59543120035346,335.3563551107973,32.54282022331779,1.0949460108502511
169,2,488.17388916015625,351.61236572265625,50,ped,488.2400862723716,351.6082175241,35.37392918965923,-1.353579505373829
170,0,240.266357421875,261.280029296875,51,ped,240.32325906478079,261.01778449289117,34.797805778344454,-2.972976681381965
171,1,493.7345581054688,334.3668518066406,51,ped,493.8114505632715,334.73167187990424,32.283930064829796,-0.13337116466780063
172,2,489.1880493164063,351.8279724121094,51,ped,489.37392728239655,351.73062901599894,34.74809438804412,-1.0258328320725865
173,0,241.22711181640625,261.0169677734375,52,ped,241.42006534831017,260.9735559808493,34.14808450937666,-2.8267986628182693
174,1,495.1301574707031,334.239990234375,52,ped,495.1399559826153,334.41130920795183,32.25093610234187,-0.710243636564368
175,2,490.5174255371094,351.84527587890625,52,ped,490.6251920359091,351.78979315050594,34.38521848905712,-0.8390090494429885
176,0,242.43646240234372,260.72567749023443,53,ped,242.58020168167653,260.77148403924815,33.66403943011111,-2.9810531905378483
177,1,496.1113586425781,333.72711181640625,53,ped,496.24306893144,333.9577966073473,31.807398904241445,-1.4870795747625691
178,2,492.5543212890625,351.77313232421875,53,ped,492.3798814708102,351.7666714592091,34.97264828587355,-0.8172519491552114
179,0,244.2356414794922,261.5084228515625,54,ped,244.14705517998772,261.20489484892244,33.962376592417804,-1.958844525148298
180,1,497.37921142578125,334.0505676269531,54,ped,497.4463443087217,333.99601525419956,31.581311643503113,-1.3033604198206248
181,2,493.8548889160156,351.3023376464844,54,ped,493.84912508601155,351.4539644564016,34.992059466801635,-1.3278942544932193
182,0,245.4668884277344,261.37582397460943,55,ped,245.5009608063153,261.2867933718178,33.84762228344406,-1.658993275356413
183,1,499.289794921875,332.4243469238281,55,ped,499.104337659607,332.95907015927224,32.20592374462738,-3.104285331178753
184,2,495.61163330078125,350.432861328125,55,ped,495.5048349704322,350.7731960086741,35.35175166057215,-2.474126854411752
185,0,247.32513427734372,261.29510498046875,56,ped,247.17978298118973,261.26779091084336,34.33718376961723,-1.5669960460706804
186,1,500.822265625,332.6729736328125,56,ped,500.69022605598394,332.7281694360083,32.65064965593038,-3.2901917534676626
187,2,497.0888671875,350.334228515625,56,ped,497.05025380057947,350.4525607335676,35.481806414724154,-2.872684679563794
188,0,248.7324523925781,261.270263671875,57,ped,248.68997909356992,261.24635961198834,34.48024526465058,-1.4864807429364844
189,1,502.6378784179688,332.7794189453125,57,ped,502.43141820888087,332.71299677063274,33.346063171403564,-3.066464003682515
190,2,497.95654296875,349.80438232421875,57,ped,498.15868699604823,349.99058461129516,34.80093096043495,-3.499864064961988
191,0,250.8208770751953,261.28939819335943,58,ped,250.5767318449402,261.2523817667653,35.3026215851556,-1.361794986557354
192,1,503.7813720703125,332.8371276855469,58,ped,503.7957703136717,332.74830987193235,33.29756427432037,-2.767290979989628
193,2,500.1665649414063,350.1325378417969,58,ped,499.970487095383,350.03106887561194,35.461397590795414,-3.158077027101704
194,0,252.7460021972656,261.43447875976557,59,ped,252.50042240500974,261.35028934537036,36.129855185887855,-1.0782036056300512
195,1,505.54827880859375,332.82623291015625,59,ped,505.4200993046688,332.75809689353156,33.72933592620555,-2.537775343323225
196,2,500.94464111328125,349.34912109375,59,ped,501.12256773812453,349.5430282615472,34.86205315295216,-3.811251798328672
197,0,254.3031311035156,261.48880004882807,60,ped,254.19889113928375,261.424139444117,36.480995704565515,-0.8603892726764917
198,1,506.7240905761719,332.9907531738281,60,ped,506.76031998898276,332.87146117863875,33.60729429946918,-2.1359308744234715
199,2,503.1080932617188,349.488525390625,60,ped,502.92079193343307,349.45171318664535,35.492992409770906,-3.6872469936999357
200,0,255.1901397705078,261.3646240234375,61,ped,255.3770279179607,261.3729514673794,35.85143460299377,-0.8884415320240111
201,1,508.2609558105469,332.7648010253906,61,ped,508.22609181542447,332.7709942615703,33.724738960747054,-2.1567937308684937
202,2,503.51165771484375,349.6257019042969,61,ped,503.82512269593985,349.51018970395796,34.43703802479435,-3.298126607621495
203,0,256.558837890625,261.15692138671875,62,ped,256.6693165638462,261.219993756815,35.47926357811379,-1.1009142920228507
204,1,509.1404113769531,332.67523193359375,62,ped,509.3138971412094,332.67727801158,33.140315082338795,-2.1636863819017114
205,2,505.35626220703125,349.7184753417969,62,ped,505.32284440168195,349.5965962080766,34.54961304496298,-2.8875506947724285
206,0,258.16641235351557,260.80111694335943,63,ped,258.1603109681841,260.9325512614843,35.49981771823786,-1.5436857685131389
207,1,510.5358276367188,332.70361328125,63,ped,510.59231818273764,332.66252973856626,32.95001164541801,-2.0252855356612782
208,2,506.7799987792969,349.86187744140625,63,ped,506.77430872552526,349.7259475058867,34.56878150526862,-2.4296345347628887
209,0,259.44589233398443,260.91946411132807,64,ped,259.5146326015598,260.9013864323844,35.26824478958712,-1.4827854955894197
210,1,512.5983276367189,332.9240417480469,64,ped,512.3757046826909,332.8021141784755,33.69998616934027,-1.6145346706323869
211,2,508.8375854492188,349.9447326660156,64,ped,508.6185743291877,349.83191913015946,35.306588445240784,-2.049587121345493
212,0,261.03143310546875,260.73794555664057,65,ped,261.0152859895175,260.7737489504584,35.32264196684015,-1.6034016827555466
213,1,514.2490844726561,333.294189453125,65,ped,514.0842249425916,333.0970469266536,34.25537284680272,-0.9503914893394129
214,2,510.207763671875,350.0902099609375,65,ped,510.16666970830784,349.9690604767562,35.445027757062206,-1.6414529390547143
215,0,262.021484375,260.65151977539057,66,ped,262.1860771785648,260.67102694061765,34.76814863356434,-1.669118973155061
216,1,515.3986206054689,333.3540954589844,66,ped,515.4389150523675,333.249540248787,34.11962570786691,-0.5981575777827768
217,2,510.970458984375,349.6267395019531,66,ped,511.2081812833494,349.7232495236974,34.644169960746474,-1.9665835795959932
218,0,263.5233154296875,260.2039794921875,67,ped,263.56309690578064,260.34403740692096,34.63412856492217,-2.140960975761987
219,1,517.15234375,333.17657470703125,67,ped,517.0500204993795,333.1934964065242,34.46434315977176,-0.6551651991762681
220,2,513.3602294921875,350.3344421386719,67,ped,513.1110431833847,350.0901474475832,35.48365530644426,-1.1435776360270133
221,0,265.53115844726557,259.42526245117193,68,ped,265.3466630091303,259.7175772648563,35.25568060783232,-3.1257488461546257
222,1,518.2659301757811,332.9364013671875,68,ped,518.3440033201323,333.01737380177593,34.20132027498734,-0.9279555870933331
223,2,514.3764038085939,350.087646484375,68,ped,514.452032266705,350.0717191334497,35.22886839617567,-1.0899195206511056
224,0,267.13088989257807,259.3305053710937,69,ped,267.0203150561367,259.42096910070273,35.628201508849955,-3.4305164691322565
225,1,519.6655883789061,333.6029968261719,69,ped,519.7025546786612,333.38297941229837,34.07678272435457,-0.18672830705833632
226,2,515.8290405273439,349.717041015625,69,ped,515.8615785298784,349.82601226057335,35.119249549685755,-1.4570380049249734
227,0,268.29425048828125,259.07919311523443,70,ped,268.36898164624705,259.1492146152244,35.376434892777546,-3.6664164148130616
228,1,521.4942016601561,333.2103576660156,70,ped,521.3636841239454,333.26844625981124,34.51649166670674,-0.38242671573307596
229,2,518.006103515625,350.3567199707031,70,ped,517.7665516740869,350.14827857358154,35.926291192818596,-0.7548063437119624
230,0,270.43008422851557,258.2537841796875,71,ped,270.2237113296354,258.51545021191714,36.071700689716465,-4.547963572493024
231,1,522.734375,332.45001220703125,71,ped,522.7586685184015,332.73281333779596,34.434647332864955,-1.3351775595854967
232,2,518.7920532226561,349.9517517089844,71,ped,518.9587157031006,350.0099148202261,35.3648089298142,-0.9507565973999571
233,0,272.48208618164057,258.303955078125,72,ped,272.21641241173063,258.31164000998155,36.96675291305862,-4.5738540296005326
234,1,524.4129028320311,332.65130615234375,72,ped,524.336070607368,332.66040498984995,34.69349431475689,-1.3658314504175095
235,2,520.84716796875,350.3427429199219,72,ped,520.7014674667272,350.21147734950483,35.855672436293645,-0.5085242283939757
236,0,274.40786743164057,257.99661254882807,73,ped,274.17893252485584,258.04040246588437,37.738034529486136,-4.72138224399461
237,1,525.411376953125,332.78509521484375,73,ped,525.5423677259607,332.72107804534784,34.252186449439286,-1.1501576300229572
238,2,522.3538818359375,349.4354553222656,73,ped,522.2985776866203,349.7014565842618,36.041992094923124,-1.404682381842763
239,0,276.03048706054693,258.50958251953125,74,ped,275.93267208927,258.27484372132983,38.06757394425978,-3.930545369290056
240,1,526.8134765625,332.7462158203125,74,ped,526.8689786359593,332.7204516971155,34.06519952333073,-1.063358094433786
241,2,523.25,349.352294921875,74,ped,523.4444690197761,349.4546954863132,35.386824423430674,-1.7496706963811772
242,0,277.25479125976557,257.7147216796875,75,ped,277.34839672757846,257.8543401938149,37.75221572224191,-4.40092223300066
243,1,528.7659912109375,332.08001708984375,75,ped,528.598172002102,332.2900811661747,34.63058494958154,-1.7710671115391672
244,2,524.6353759765625,348.71453857421875,75,ped,524.7358190243768,348.94965784653937,35.04843029205255,-2.541791043767198
245,0,279.1297607421875,257.82498168945307,76,ped,279.05688987056084,257.7706416568411,37.997719212574026,-4.217849526812284
246,1,530.2553100585939,331.111083984375,76,ped,530.1803345459069,331.50053910681396,34.88317901965646,-3.083149563034562
247,2,526.4447631835939,348.6197509765625,76,ped,526.3576724642405,348.698652396181,35.34184074673108,-2.8076115763902725
248,0,280.79898071289057,257.90069580078125,77,ped,280.74355847749325,257.7928685125648,38.184438161267316,-3.8545765957965523
249,1,531.4779663085939,330.8372497558594,77,ped,531.5333960262353,331.02568040459334,34.69643486308851,-3.717977306465956
250,2,527.7037963867189,348.3353576660156,77,ped,527.7488786879464,348.4221180743381,35.189957304471015,-3.0999096425731625
251,0,282.9604797363281,257.90505981445307,78,ped,282.74046844445166,257.80886702755726,38.92566284646662,-3.5305001923665835
252,1,533.0255737304689,331.1180725097656,78,ped,533.0096992843789,331.0308648764498,34.74991635126747,-3.4241721567385914
253,2,529.4894409179689,347.1139221191406,78,ped,529.3932880006657,347.52937594329967,35.51389938603932,-4.499586120088031
254,0,285.10296630859375,258.2103271484375,79,ped,284.84254759542756,258.0169574277624,39.80302229101297,-2.8790310691960435
255,1,534.171875,330.55694580078125,79,ped,534.2730816122179,330.67362856908983,34.408947854801255,-3.8172803460338534
256,2,530.7709350585939,346.837890625,79,ped,530.8074373543858,347.0154384561712,35.39092191805583,-5.0977507628774426
257,0,285.951416015625,257.421630859375,80,ped,286.14568062927276,257.5891111075375,39.14853765193314,-3.4432781943590656
258,1,535.8362426757811,330.5263366699219,80,ped,535.7911276351178,330.52213574730393,34.56094208859998,-3.8031272829938336
259,2,532.6350708007811,346.7413635253906,80,ped,532.5111872473866,346.763021051237,35.80829017266953,-5.17071576520479
260,0,288.67291259765625,257.68801879882807,81,ped,288.3577163808407,257.6025526620139,40.21044612803625,-3.1553394112744986
261,1,537.8419799804689,330.4171447753906,81,ped,537.6272332650692,330.3982447437041,35.284432235791876,-3.7394523314055146
262,2,533.8707885742189,346.251708984375,81,ped,533.9179773527784,346.35589803241606,35.64930931802736,-5.521732774069014
263,0,289.9998779296875,258.00473022460943,82,ped,290.01219483619536,257.81662193996345,40.168949957788485,-2.5215947774508103
264,1,539.4765014648439,330.3130798339844,82,ped,539.343428472171,330.28812887850285,35.732760682207555,-3.655391524753981
265,2,535.3989868164061,345.30938720703125,82,ped,535.4010537878405,345.59702457709454,35.642345605305856,-6.490795035775557
266,0,292.1951599121094,257.400634765625,83,ped,292.01628405797715,257.51016827794,40.771590478765965,-2.8906179373749787
267,1,540.4072875976561,329.73944091796875,83,ped,540.5575877760538,329.8790741873445,35.226392853794145,-4.125822073419213
268,2,536.239013671875,344.9444580078125,83,ped,536.4675933281231,345.07902315148874,34.872250816411466,-6.944150848855357
269,0,293.19781494140625,258.15216064453125,84,ped,293.38070909213815,257.88343097177903,40.15541185705027,-1.985255580471161
270,1,541.6030883789061,330.2279968261719,84,ped,541.7524154661552,330.0443914939207,34.72330317904114,-3.5072474491711847
271,2,537.515380859375,345.44189453125,84,ped,537.6586967266428,345.21194888648955,34.38941321220326,-6.169453627041435
272,0,294.8190002441406,257.99880981445307,85,ped,294.9023535459947,257.9289696201562,39.87459072340686,-1.7499607319159196
273,1,543.5617065429689,330.2270202636719,85,ped,543.4344741230869,330.11111002602934,35.1519550931547,-3.1167404912988164
274,2,539.2545776367189,344.90380859375,85,ped,539.197644784563,344.92171875398043,34.581222627407556,-6.229793786192507
275,0,296.9060363769531,258.40289306640625,86,ped,296.78601423047525,258.2101577696717,40.278951026363096,-1.1006263776739051
276,1,545.0023193359375,330.0302734375,86,ped,544.9664745339361,330.0129499695469,35.2727179308647,-3.0583769062828807
277,2,540.2713623046875,345.1243896484375,86,ped,540.401262636816,344.961399594711,34.143582248569004,-5.680672566169385
278,0,298.44158935546875,257.63247680664057,87,ped,298.45018613163165,257.81987812703034,40.249988071702006,-1.7319904894085474
279,1,546.0765991210939,329.9229736328125,87,ped,546.2038331684615,329.90972892045585,34.8440602718278,-3.0137548297955656
280,2,541.9050903320311,344.39727783203125,87,ped,541.8769843566052,344.51258184652255,34.238272639075895,-6.069137367470259
281,0,299.5224609375,257.75595092773443,88,ped,299.7361909733711,257.7530219661753,39.52992107366553,-1.7221226739252218
282,1,547.6492309570311,330.9300537109375,88,ped,547.6520119203099,330.52618726258623,34.83469106982674,-1.6531089108132737
283,2,544.0061645507811,344.6208190917969,88,ped,543.759071926632,344.49346947796926,35.07073983715983,-5.640090257847945
284,0,301.06695556640625,257.50711059570307,89,ped,301.1790082862619,257.5684591226802,39.15240987623252,-1.9288089186655957
285,1,549.8118896484375,330.8131103515625,89,ped,549.5627453548668,330.6876988102849,35.67407061117695,-1.2305911782618377
286,2,544.6199340820311,344.7236328125,89,ped,544.8320411484599,344.5596218937079,34.356140559831346,-5.08752929881851
287,0,302.2561950683594,256.697265625,90,ped,302.45206153737985,256.97592984438757,38.4925258691348,-2.867642720305249
288,1,551.5810546875,330.66192626953125,90,ped,551.3941375157679,330.65292107308403,36.303803984606496,-1.2002522175094943
289,2,546.6480102539061,344.7080383300781,90,ped,546.5130277933855,344.5809572844009,34.810903273335924,-4.6593868502050855
290,0,303.84259033203125,256.73965454101557,91,ped,303.9183337837812,256.78077004045065,38.23734232564601,-3.006162930247572
291,1,552.7653198242189,330.3890686035156,91,ped,552.8157105906444,330.464410307835,36.134034928159956,-1.4540822534601807
292,2,548.1031494140625,344.78765869140625,91,ped,548.0544413729154,344.64633060260525,34.97500314268635,-4.183245326924347
293,0,305.94085693359375,256.4838256835937,92,ped,305.79013055548717,256.5442853519089,38.74514722543115,-3.209854654254579
294,1,553.97314453125,329.958251953125,92,ped,554.0963663412251,330.11525300743915,35.71889432933579,-1.983026859266243
295,2,548.8931884765625,344.9586181640625,92,ped,549.1116818607969,344.7870792822172,34.23888772295266,-3.605322034406117
296,0,307.9718017578125,255.7337951660156,93,ped,307.7724544119562,255.9722379123391,39.41675872858802,-4.0131805806031515
297,1,555.7588500976561,330.49359130859375,93,ped,555.6979870898622,330.3311152004448,35.92394494576372,-1.4356364601002616
298,2,551.1473388671875,345.1251525878906,93,ped,550.9332134985269,344.95302113456995,34.96028714812384,-3.0254022787220407
299,0,309.9791564941406,255.88389587402344,94,ped,309.7808596545835,255.8560412230409,40.08483107972054,-3.9193368147951175
300,1,556.8652954101561,329.80792236328125,94,ped,556.9819494524467,329.97119760333584,35.5309314187897,-1.985719223641035
301,2,552.0343017578125,344.3677978515625,94,ped,552.1601280519994,344.529566164128,34.53637182814442,-3.57040812528886
302,0,311.81280517578125,255.40892028808597,95,ped,311.6859132592563,255.5088810759774,40.512336568067454,-4.256109925434403
303,1,558.5103759765625,329.66876220703125,95,ped,558.4939929015158,329.74615575283883,35.586126853536925,-2.2464621180781004
304,2,553.184814453125,344.5496826171875,95,ped,553.3313344352619,344.4901144727966,34.042738362503435,-3.3697199384039487
305,0,313.6437072753906,254.51345825195312,96,ped,313.5492304568213,254.80169431201782,40.830633919646814,-5.227192313024951
306,1,559.64794921875,329.1022644042969,96,ped,559.7643432397791,329.2961568406267,35.19398929858686,-2.899695894464872
307,2,554.8915405273439,344.41851806640625,96,ped,554.8420841940016,344.3942199275276,34.20935934064455,-3.287858235496304
308,0,315.3642883300781,254.28237915039062,97,ped,315.3247911208459,254.38855840021213,40.96370209386983,-5.584915787385877
309,1,561.4531860351561,328.3641662597656,97,ped,561.3753187087274,328.6499853660363,35.45632841471449,-3.8626354886485386
310,2,557.0771484375,343.9422302246094,97,ped,556.7923166066803,344.053188466952,35.16897275193419,-3.6616823868866835
311,0,316.5710144042969,253.8396759033203,98,ped,316.7339342015378,253.9510169492131,40.41481670809694,-5.960029640718532
312,1,562.6705322265625,328.13433837890625,98,ped,562.7352384428527,328.2592816201736,35.23832976082577,-4.283575855283858
313,2,557.2067260742189,343.91583251953125,98,ped,557.5776099089446,343.91041712965193,33.91944556034727,-3.643437652892664
314,0,318.44879150390625,254.11407470703125,99,ped,318.43849383795356,253.96900968707072,40.44951008887101,-5.471297922519314
315,1,564.6550903320312,327.2374572753906,99,ped,564.4964655805222,327.5345937027141,35.772744931174906,-5.284644181093265
316,2,558.8394165039061,343.73321533203125,99,ped,558.8933059611635,343.74211005406113,33.737889131061955,-3.6734044414523055
317,0,319.768798828125,253.6403961181641,100,ped,319.8945299124378,253.67578290540962,40.025915408109675,-5.590517882550398
318,1,565.9131469726562,327.3498840332031,100,ped,565.9396978827992,327.3373016151489,35.68329350897947,-5.242253348404352
319,2,560.8578491210939,343.3439025878906,100,ped,560.6614209226742,343.4302407298085,34.399666132802174,-3.9642822133501174
320,0,321.8554382324219,253.8784942626953,101,ped,321.752714344106,253.7248862476715,40.371997636582606,-5.073004332174742
321,1,567.7571411132812,326.85858154296875,101,ped,567.6411460768725,326.95023343782003,36.07408693931279,-5.551033443608275
322,2,562.2869873046875,342.3306884765625,101,ped,562.2197438027383,342.6599098164645,34.626213057635454,-5.073446370218383
323,0,323.556640625,254.59759521484372,102,ped,323.5143250852897,254.2154821212064,40.514560937631906,-3.7856450221895526
324,1,568.9150390625,327.5428771972656,102,ped,568.9963387838931,327.2524347416993,35.80018385936767,-4.57251738275019
325,2,563.1599731445312,342.0400695800781,102,ped,563.337576872264,342.1839343452107,34.02785666474561,-5.558134405923315
326,0,324.7646484375,254.7236175537109,103,ped,324.919521724679,254.48890462860214,39.99278459635436,-2.9948846945401533
327,1,570.6630249023438,327.1057434082031,103,ped,570.6018757750221,327.0902301348149,36.006198521465954,-4.520252339648182
328,2,564.2526245117188,341.3004150390625,103,ped,564.4303076115626,341.5300779819819,33.42923285148427,-6.331881074998815
329,0,326.3796081542969,254.9652862548828,104,ped,326.45289029420707,254.75338642587062,39.74589316554763,-2.280982889316643
330,1,571.8807373046875,326.42071533203125,104,ped,571.959288232496,326.5902167653063,35.74155626372616,-5.091311692395745
331,2,565.7691040039062,340.9704284667969,104,ped,565.7886564404868,341.07458475252656,33.36335965169721,-6.68278914677232
332,0,327.4341735839844,255.7252349853516,105,ped,327.6725602758359,255.34922243578617,38.94275569823907,-1.0141765739612423
333,1,573.5912475585938,326.7397155761719,105,ped,573.5414746594047,326.61219750837864,35.9092438132484,-4.661696527186316
334,2,567.712158203125,341.03857421875,105,ped,567.524688319199,340.9530388578049,33.99495567999721,-6.394615957987294
335,0,329.3072509765625,255.6191864013672,106,ped,329.30356774818296,255.5091426057083,38.95516469105551,-0.6434331583753665
336,1,574.6464233398438,326.8775939941406,106,ped,574.7848372519326,326.71554742562705,35.44291996259266,-4.115752996840341
337,2,569.2151489257812,339.6192321777344,106,ped,569.1190877039636,339.9952845454371,34.318591058700754,-7.661556437516234
338,0,330.88250732421875,255.9558563232422,107,ped,330.89865355746093,255.78897403134445,38.90076716973995,-0.08119781255052894
339,1,576.181640625,327.37359619140625,107,ped,576.2103488121426,327.0812007731009,35.34620054831232,-3.130657231081809
340,2,570.1199951171875,339.66510009765625,107,ped,570.2716939605747,339.6688473715736,33.80750956105879,-7.674181203288878
341,0,333.2674865722656,256.887451171875,108,ped,333.0044695066916,256.49914698730237,39.78688570497158,1.2270197151099311
342,1,577.191162109375,327.1574401855469,108,ped,577.3650463779952,327.0845575309391,34.76037516442239,-2.8851116768271377
343,2,571.3888549804688,339.38983154296875,108,ped,571.4920732379434,339.37536108946676,33.45976174126265,-7.625429472927409
344,0,334.4314270019531,257.11154174804693,109,ped,334.513357634308,256.9137648435966,39.51085702871079,1.8933406693276593
345,1,578.7236938476562,327.22930908203125,109,ped,578.7558161752665,327.13589139514426,34.65215332707258,-2.5703825003322027
346,2,573.2852783203125,339.03717041015625,109,ped,573.1451428090949,339.0442701391384,33.93188576309358,-7.649348839059729
347,0,336.3961181640625,256.58963012695307,110,ped,336.3133635938959,256.7316862858541,39.78966159712667,1.4147458800189023
348,1,580.4887084960938,327.51690673828125,110,ped,580.3873537492774,327.3448540935165,34.99362288441724,-1.9907279474553032
349,2,574.514404296875,338.4141540527344,110,ped,574.5306087782628,338.523778679267,33.87729199950272,-8.018680063022897
350,0,337.8558349609375,257.31582641601557,111,ped,337.89709853082354,257.13076589068396,39.65064242479328,2.0382246806712585
351,1,581.8294067382812,328.2834777832031,111,ped,581.8355647488987,327.92344015953313,34.972876217523805,-0.7777419506129459
352,2,576.3576049804688,338.99139404296875,111,ped,576.2116982417156,338.70874219721867,34.36885960054531,-7.066410887980357
353,0,339.8224182128906,256.9705810546875,112,ped,339.7267201212606,257.05698972600845,39.97305441158367,1.747109247521246
354,1,583.6190185546875,328.1560363769531,112,ped,583.5045596863063,328.062636416437,35.35849426415349,-0.4630724904050019
355,2,577.3270874023438,339.1882019042969,112,ped,577.4391809722716,338.91537278122036,33.99121037085553,-6.147234986694397
356,0,341.4752197265625,257.59686279296875,113,ped,341.4465731278447,257.43228745796586,40.0695663344797,2.3015723514617834
357,1,584.8021850585938,328.0837707519531,113,ped,584.8646033232466,328.06951648679643,35.148203792854346,-0.41504910887555807
358,2,578.6670532226562,338.31793212890625,113,ped,578.7339561912867,338.43812024994554,33.76581069204572,-6.552155193279715
359,0,342.69122314453125,257.32083129882807,114,ped,342.841555082966,257.39393842350864,39.56308999366734,2.0552705384135264
360,1,586.40966796875,328.0062561035156,114,ped,586.3817960588943,328.022448965994,35.24210574783569,-0.46960372861046407
361,2,580.3192749023438,338.54620361328125,114,ped,580.2568983458386,338.4118086953039,33.97596064700607,-6.099371526750375
362,0,344.7926940917969,257.01473999023443,115,ped,344.68661022341695,257.1785810676297,39.92049222086125,1.5032811845072775
363,1,587.466064453125,327.95367431640625,115,ped,587.6019604333829,327.9710085825422,34.784264921019904,-0.528003798464284
364,2,581.3618774414062,338.734130859375,115,ped,581.4718646369417,338.5308919061498,33.60540790182893,-5.414648621708129
365,0,346.6549072265625,256.8421630859375,116,ped,346.54802997504805,256.9828147339291,40.28056739906087,1.0294182576729438
366,1,588.9156494140625,328.7063903808594,116,ped,588.9639665537741,328.43947613814447,34.621481892403445,0.3712445649406758
367,2,582.6422119140625,338.89508056640625,116,ped,582.7237164243728,338.6871518494278,33.3308148461672,-4.714125650187701
368,0,348.4575500488281,257.67916870117193,117,ped,348.37667867850763,257.44889960191546,40.553027372727435,1.8052071737132696
369,1,590.6859130859375,328.3150634765625,117,ped,590.5879648903629,328.3643640011704,34.95147460405393,0.2051484596914745
370,2,584.3284301757812,339.16729736328125,117,ped,584.2528249727036,338.9288011778991,33.58553282062396,-3.910619240796282
371,0,350.36474609375,257.82553100585943,118,ped,350.2601988148927,257.7193370694419,40.90525274959417,2.1629802280141037
372,1,591.7201538085938,327.6861267089844,118,ped,591.8348904877138,327.9281574161295,34.56492059246031,-0.6102659439092029
373,2,585.3878173828125,338.6022033691406,118,ped,585.4814890552619,338.65981912936587,33.26994794370647,-4.104729820053849
374,0,352.3035888671875,257.9466552734375,119,ped,352.184722638131,257.8983389699204,41.30571943642788,2.3257604402167735
375,1,593.2572021484375,327.6515197753906,119,ped,593.2640159358797,327.74003885689154,34.541964577927,-0.9084914665964057
376,2,586.7645263671875,338.8779296875,119,ped,586.8013874584643,338.74073346775606,33.14576095456845,-3.6425084136621066
377,0,354.405029296875,258.28115844726557,120,ped,354.2297026529669,258.180435046167,41.89640428304343,2.6651029691235055
378,1,594.2228393554688,327.5376281738281,120,ped,594.3926520934027,327.5956057660203,33.96985637563643,-1.103821077588882
379,2,588.46142578125,339.12408447265625,120,ped,588.363603848465,338.93545028513745,33.4753282814435,-3.0069897404167714
380,0,356.313720703125,257.7017822265625,121,ped,356.1951051487383,257.9096352034998,42.296026434324034,1.9648351650966998
381,1,595.6887817382812,327.1575927734375,121,ped,595.7313164754967,327.2957271844578,33.826554569409915,-1.5692033015582312
382,2,589.5498657226562,338.3474426269531,121,ped,589.6238498714315,338.510462799109,33.22607172443374,-3.5562134255897195
383,0,358.3118896484375,258.43975830078125,122,ped,358.1876007481675,258.2818191239745,42.714762391869826,2.4969407054183343
384,1,597.70458984375,326.3891906738281,122,ped,597.5063882962382,326.685595582589,34.494306191671235,-2.567807304181261
385,2,590.90869140625,338.40826416015625,122,ped,590.9442717709466,338.39200931466024,33.106199571339644,-3.5014499810767132
386,0,360.23236083984375,258.19705200195307,123,ped,360.13960853546985,258.26362531570754,43.02724987006364,2.2726516479057253
387,1,599.343505859375,326.3260192871094,123,ped,599.2031013519883,326.41499395487637,34.96733649249754,-2.86756772244058
388,2,592.9202270507812,338.0010986328125,123,ped,592.7104923777632,338.0873927779664,33.81280691121761,-3.7921795751719762
389,0,361.3946838378906,258.34716796875,124,ped,361.58481478837007,258.3511311184538,42.38668852038113,2.259299584410168
390,1,600.2188720703125,326.3577880859375,124,ped,600.3748684468947,326.33579941529746,34.441776349463986,-2.7934867140230515
391,2,594.0328369140625,337.66436767578125,124,ped,594.0638249858027,337.7577059240419,33.70840643876452,-4.106641129863958
392,0,363.2124633789063,259.03076171875,125,ped,363.26188183354157,258.82446322471117,42.22019510131458,2.954330254112896
393,1,601.27294921875,326.58917236328125,125,ped,601.4626954753845,326.45882250001637,33.80251105362771,-2.3543310469749197
394,2,594.4431762695312,338.17535400390625,125,ped,594.8049469781148,337.9678113301019,32.489581555737026,-3.4074187519294723
395,0,364.8399353027344,259.07989501953125,126,ped,364.9043842387209,259.033302806947,42.00306318589557,3.111301912483347
396,1,602.809326171875,326.9007263183594,126,ped,602.8316043061408,326.7103917584165,33.727454826693254,-1.7130837255382028
397,2,596.470458984375,337.7986145019531,126,ped,596.361063359888,337.8081572981398,32.858141270799955,-3.4395689431272514
398,0,366.976318359375,259.32192993164057,127,ped,366.8635289685701,259.26594668042156,42.383056681490295,3.2999124828007407
399,1,604.5384521484375,327.3173828125,127,ped,604.4326841445436,327.0782956559853,34.08379289390779,-0.90758629614815
400,2,598.0202026367188,337.7618103027344,127,ped,597.9184700101932,337.7275874403184,33.20088393563394,-3.3242702875897114
401,0,368.7620849609375,260.07086181640625,128,ped,368.7159804481225,259.83570746379246,42.53838525333016,4.092160085545381
402,1,605.5322875976562,327.1970520019531,128,ped,605.6457541574543,327.1418614833054,33.70151797961189,-0.7216464842462956
403,2,599.3211059570312,337.3502502441406,128,ped,599.3148045628482,337.4343652441446,33.22211366997668,-3.6076582256283367
404,0,370.20648193359375,260.2177124023437,129,ped,370.30646163375593,260.1432391417821,42.20154829107196,4.343064487302427
405,1,606.7422485351562,327.4124755859375,129,ped,606.8511919583545,327.3065023764463,33.334481754572295,-0.36461706819621886
406,2,601.1093139648438,336.6799621582031,129,ped,600.9652257777698,336.8927923828855,33.70755448598789,-4.32469464644643
407,0,371.5900268554688,260.85446166992193,130,ped,371.7579813485534,260.66765779349,41.63570061230973,4.972416747676486
408,1,607.9591674804688,327.9820556640625,130,ped,608.0586700587324,327.7386268990523,32.99925224146241,0.4555074732506972
409,2,602.5126953125,336.90240478515625,130,ped,602.4628007918461,336.8354516026731,33.87565179720854,-4.099125790275765
410,0,373.6024475097656,261.63970947265625,131,ped,373.56441974423683,261.3702380692,41.76381819024167,5.880280332419621
411,1,609.67431640625,328.78314208984375,131,ped,609.5899850727054,328.42174312098354,33.2833690189609,1.6730799473007654
412,2,604.5069580078125,336.9212646484375,131,ped,604.2844981632904,336.8307733292936,34.62513092307825,-3.7942556915104104
413,0,375.7056579589844,262.22488403320307,132,ped,375.56492884318516,262.0101312527134,42.237942115555114,6.603793947064947
414,1,610.8214111328125,329.15625,132,ped,610.8766576425382,328.9219962986674,33.097240569973785,2.4622932082827043
415,2,606.0047607421875,336.7466125488281,132,ped,605.9074596177006,336.72050222172925,34.952943620664925,-3.70628860165102
416,0,377.487548828125,262.4291381835937,133,ped,377.43083106388013,262.3785419486798,42.4290272998076,6.774255371271771
417,1,612.3469848632812,329.1673583984375,133,ped,612.3153052276944,329.1170827003523,33.20397095830577,2.6316747267530736
418,2,606.89453125,336.7991027832031,133,ped,607.0604298260603,336.7169272351244,34.39402243616893,-3.429434780723204
419,0,379.2558288574219,262.73214721679693,134,ped,379.23632243772556,262.70710446157676,42.49474547209116,6.858625754337149
420,1,613.5042114257812,329.257080078125,134,ped,613.5732752026892,329.24642523707286,32.971291396395316,2.6675714566922872
421,2,609.4746704101562,336.791259765625,134,ped,609.1294098772763,336.7146575838869,35.55722365585629,-3.171357929351842
422,0,380.9657897949219,263.55029296875,135,ped,380.9809148879152,263.3539578983058,42.44378822403099,7.520089118029088
423,1,615.042724609375,329.6475830078125,135,ped,615.0095030812109,329.5454211138285,33.08321650339065,3.011760347056617
424,2,610.5634765625,336.8721618652344,135,ped,610.580732979615,336.77004269447303,35.499085862723504,-2.827312975811921
425,0,383.1432800292969,263.3724975585937,136,ped,383.00510005395944,263.476496667512,42.909323958842926,7.1697105521635685
426,1,615.89892578125,330.0406799316406,136,ped,616.071754665131,329.91041519287546,32.500946740657064,3.45062922608944
427,2,611.9352416992188,337.0837097167969,136,ped,611.9796803496881,336.93161462841044,35.349369670129136,-2.3148964801485703
428,0,384.1817626953125,263.29977416992193,137,ped,384.3977934817359,263.4674349998392,42.18150467344683,6.604852239885024
429,1,618.04052734375,329.24176025390625,137,ped,617.8244276732189,329.5281171614049,33.22899810029974,2.4858774736451363
430,2,613.6062622070312,336.5245361328125,137,ped,613.552619883629,336.63396825648107,35.5300935295938,-2.683579163605265
431,0,386.0494995117188,263.13137817382807,138,ped,386.08742410729604,263.34688702661134,42.053734680519135,5.878791376826088
432,1,618.787353515625,329.0058288574219,138,ped,618.936422142374,329.22642495956666,32.726777915863835,1.7426773951232444
433,2,614.8117065429688,337.05133056640625,138,ped,614.8902283278607,336.8648052074175,35.265549432350184,-2.055165242874356
434,0,387.5586853027344,263.13052368164057,139,ped,387.65832186524403,263.2931798803888,41.71805376701114,5.330793934840415
435,1,620.7732543945312,328.5635681152344,139,ped,620.6069707521631,328.82277772788825,33.28699640961375,0.869386332344315
436,2,616.1776733398438,337.1939697265625,139,ped,616.2423130996,337.0477624839623,35.047774621002134,-1.5625852148071504
437,0,389.7842102050781,263.03726196289057,140,ped,389.64821782843455,263.2058028214133,42.176219364797745,4.7629707589951025
438,1,622.1145629882812,328.6524353027344,140,ped,622.0725400016886,328.7252436267457,33.42857410130652,0.6240911906768775
439,2,616.9102172851562,337.96368408203125,140,ped,617.18998646583,337.61793980360795,34.105217272794675,-0.3977542300508854
440,0,391.6444091796875,262.9838256835937,141,ped,391.5608571522765,263.13205954199327,42.45771061843353,4.263562953761245
441,1,622.8668823242188,328.62457275390625,141,ped,623.0782943443136,328.6692229312444,32.71631568682872,0.4736623527007896
442,2,618.6927490234375,338.853759765625,141,ped,618.664454512765,338.4124022062289,34.200542994108886,1.0892030173765703
443,0,393.46087646484375,264.05108642578125,142,ped,393.41535355497234,263.7898823622955,42.611079739043575,5.143573428261719
444,1,624.9906616210938,328.49432373046875,142,ped,624.7976051522955,328.56292141860064,33.36673326626955,0.24255306872954208
445,2,619.7130126953125,339.212158203125,142,ped,619.8461839801314,338.9463282702251,33.75188180569021,1.9847982935980069
446,0,395.025390625,263.0731201171875,143,ped,395.084313669529,263.4013137826513,42.41256484733679,4.037871398111308
447,1,626.335205078125,327.7910461425781,143,ped,626.283779177527,328.0666252877282,33.53998987868229,-0.6858878255482191
448,2,621.228759765625,338.9877014160156,143,ped,621.2376264449797,339.00229442476865,33.722009488230086,1.9356336658120101
449,0,396.6955871582031,263.06497192382807,144,ped,396.7511566468661,263.24285094101424,42.225348264885454,3.438587465711496
450,1,627.0416870117188,328.0403747558594,144,ped,627.2675764136501,328.0395442267094,32.77895638963848,-0.6830897283761035
451,2,622.1390991210938,339.962646484375,144,ped,622.3170706906122,339.6526625227849,33.12241374206762,2.9799862287012955
452,0,399.6108703613281,263.0880126953125,145,ped,399.2237293728421,263.193120160094,43.52964698233438,3.084474789487419
453,1,628.46484375,326.9444885253906,145,ped,628.5247140093347,327.32035323434656,32.57725028053092,-1.949398056364726
454,2,623.4099731445312,340.2388610839844,145,ped,623.5116705314944,340.07608154379056,32.779789800586556,3.5283992147093546
455,0,401.4501037597656,263.12881469726557,146,ped,401.3053267868255,263.1968129438181,44.017408355427726,2.8553850562732443
456,1,630.119384765625,327.7646789550781,146,ped,630.0362426550124,327.579442731603,32.85736050255531,-1.3253273020589345
457,2,625.53515625,339.892578125,146,ped,625.3038738592763,340.00910747008123,33.5589925576323,3.135805612230896
458,0,403.1398010253906,263.34405517578125,147,ped,403.1403015618481,263.33413536354294,44.01572202130411,2.888805434804251
459,1,630.9801635742188,327.3189697265625,147,ped,631.1304672183394,327.39128208765004,32.35097947835435,-1.5689515181192197
460,2,627.0377807617188,341.01068115234375,147,ped,626.9200008527007,340.7038109151076,33.95579937697303,4.169667871110446
461,0,404.3212585449219,263.41110229492193,148,ped,404.5520381594651,263.4264391931078,43.23821314411104,2.8371346036880625
462,1,633.0833740234375,326.83306884765625,148,ped,632.8706613276818,327.00672600012973,33.067619938860815,-2.154011762298406
463,2,628.0860595703125,339.9054870605469,148,ped,628.1742255605994,340.2481088173733,33.65876343534413,3.015356828606452
464,0,406.4419860839844,264.10379028320307,149,ped,406.41148446777356,263.90678830278546,43.34097472216376,3.5008448230843676
465,1,633.5944213867188,327.5760498046875,149,ped,633.8254016533198,327.34375594212827,32.28943505413525,-1.371401302460672
466,2,629.7265625,340.902587890625,149,ped,629.6742355272537,340.71626572807025,33.835055808081634,3.6430861698315047
467,0,408.27435302734375,264.03738403320307,150,ped,408.25490478262384,264.04281772823936,43.40649689987307,3.482538413590097
468,1,635.4037475585938,327.1895751953125,150,ped,635.3221280372352,327.2237522416458,32.564415591455216,-1.4865456013771958
469,2,631.50634765625,340.4994812011719,150,ped,631.3580172302218,340.6294247365339,34.3347889548976,3.20529944209377
470,0,409.4593505859375,264.41375732421875,151,ped,409.67289800229383,264.334223155605,42.687044220956594,3.75049328586564
471,1,636.37646484375,326.7911071777344,151,ped,636.483551393114,326.92172449050156,32.20363527329258,-1.9266023212693903
472,2,632.6641845703125,339.8979187011719,151,ped,632.7085458489792,340.2028188231164,34.18533343199106,2.178074607076846
473,0,411.4212341308594,265.4207763671875,152,ped,411.4325362090981,265.09299364448646,42.64896691426305,4.8548108279590965
474,1,637.7507934570312,327.5237121582031,152,ped,637.7775479042447,327.28324986589456,32.11349810821168,-1.1164719842579132
475,2,634.6593017578125,340.4122619628906,152,ped,634.474308957455,340.3704668138111,34.808584080811855,2.318884702015848
476,0,413.18109130859375,266.085693359375,153,ped,413.1917565479073,265.8072168412543,42.61303515200433,5.793013126997516
477,1,639.7711791992188,327.4132995605469,153,ped,639.5406243450037,327.35105892324503,32.89024975585048,-0.9067799448563305
478,2,635.8303833007812,339.82391357421875,153,ped,635.8641210049238,340.05060629071284,34.69491994925607,1.5551448031356352
479,0,414.2044372558594,266.1025390625,154,ped,414.4739014304617,266.08361304013926,41.70519592079221,5.85677590962068
480,1,641.185791015625,327.42999267578125,154,ped,641.0894543697683,327.3888477581809,33.21481307355728,-0.7681605145824005
481,2,637.6450805664062,339.6394348144531,154,ped,637.5274151989532,339.8071924028124,35.091340871950194,0.989960506296065
482,0,416.14349365234375,266.85092163085943,155,ped,416.1681140996831,266.666601651231,41.62224831553912,6.477759789390108
483,1,641.9093017578125,327.39080810546875,155,ped,642.1085836956477,327.37882660369684,32.54342155553319,-0.7277941936290804
484,2,638.939697265625,339.30706787109375,155,ped,638.9577830383326,339.4978658582168,35.03040893539488,0.3471518724477445
485,0,417.4362182617188,268.08157348632807,156,ped,417.6011066046485,267.6781400494035,41.06673066016642,7.836948638020914
486,1,643.8130493164062,327.8221130371094,156,ped,643.6907175339736,327.65519857910544,32.95556388013363,-0.1654504480941673
487,2,641.4381103515625,338.5988464355469,156,ped,641.0789142188327,338.9207694565618,36.24055993774981,-0.737424020955163
488,0,419.73968505859375,268.1600952148437,157,ped,419.58964725095143,268.10544089115876,41.57221606706651,8.021081980681961
489,1,645.2643432617188,328.37261962890625,157,ped,645.1941781313174,328.1173637966417,33.19195396106384,0.6945201170813836
490,2,642.5335083007812,338.4653625488281,157,ped,642.5535746148762,338.6150121100954,36.17295545122301,-1.2416014050312971
491,0,421.7340087890625,269.16720581054693,158,ped,421.5893627655503,268.9109290896149,42.05953626455971,8.884491974437815
492,1,645.8565063476562,328.13983154296875,158,ped,646.1109631078239,328.14212203122366,32.33467551256325,0.6868033395189987
493,2,644.4081420898438,337.76605224609375,158,ped,644.2862614256123,338.04698195288006,36.58357793445239,-2.1880686280396464
494,0,423.5546875,269.4344482421875,159,ped,423.48029803088116,269.380543608521,42.31015836879899,9.066099571289488
495,1,647.7550048828125,327.92999267578125,159,ped,647.6508986546404,328.0148433326789,32.68541496907435,0.4009369335659555
496,2,645.6675415039062,337.72747802734375,159,ped,645.7184859498855,337.80791244033674,36.411943368406156,-2.459056471834348
497,0,424.8844909667969,270.0297241210937,160,ped,425.011531828976,269.93420490624214,41.882150902407865,9.387908920179456
498,1,648.6695556640625,328.6300048828125,160,ped,648.7909944997449,328.41911092209745,32.276281029880636,1.1114499783813292
499,2,646.9721069335938,337.55535888671875,160,ped,647.0655165625355,337.6082164759337,36.097241327392304,-2.63713651987079
500,0,426.8677673339844,270.03646850585943,161,ped,426.82921437580217,270.1384165335507,42.012037882631624,9.044440556636278
501,1,649.9332885742188,327.91558837890625,161,ped,650.0051433009418,328.1093695381238,32.03419860848117,0.4585908780218837
502,2,648.7919311523438,337.30133056640625,161,ped,648.7140995546883,337.37071776633036,36.35946014696172,-2.870905711374418
503,0,428.2582092285156,270.05789184570307,162,ped,428.3721278611957,270.21920728709284,41.62823990998016,8.500960197837882
504,1,651.3455810546875,328.101318359375,162,ped,651.3440504170244,328.1108961601749,32.039355408717874,0.42632275433582534
505,2,649.6442260742188,336.9073486328125,162,ped,649.8508659074812,337.0284455581846,35.663279485296975,-3.2788877364279445
506,0,429.172607421875,270.44561767578125,163,ped,429.5023778772669,270.4907788940062,40.517225590002056,8.348809635726552
507,2,649.8394775390625,337.1394958496094,163,ped,650.3676808541504,337.05216686993447,33.883734236996446,-2.984671728348669
508,0,430.8128356933594,271.17800903320307,164,ped,430.9465563566873,271.05853792406776,40.06671351590537,8.751314198833416
509,2,650.9862060546875,336.36773681640625,164,ped,651.2662672931622,336.5650649244586,32.940192930220896,-3.64948068923633
510,0,433.30206298828125,271.18850708007807,165,ped,433.0608796726563,271.2713346165836,40.87927301909382,8.472263793796671
511,2,651.9190673828125,336.2860412597656,165,ped,652.1731814567747,336.3307298681536,32.08406900988724,-3.8000390035037066
512,0,434.4690856933594,271.5614624023437,166,ped,434.5736807194849,271.58374739377683,40.526886776105336,8.397184464529834
513,0,436.3688659667969,272.2723999023437,167,ped,436.33190743513876,272.1531385689862,40.65140204800514,8.798982281810538
514,0,438.3619079589844,272.19784545898443,168,ped,438.24402911304213,272.31142063024964,41.048542191166376,8.416341449053046
515,0,440.3785095214844,272.2874755859375,169,ped,440.2296485527891,272.4196199853318,41.550062764651976,7.971139892540247
516,0,442.3472900390625,272.93115234375,170,ped,442.21173472491324,272.868047203678,42.00675587559317,8.183744488064649
517,0,443.9516296386719,273.78271484375,171,ped,443.9559073678726,273.58066705485675,41.99234397688807,8.864454306396723
518,0,446.0647277832031,273.82022094726557,172,ped,445.938781860485,273.8660930561187,42.41666253361541,8.709908715697694
519,0,446.9607849121094,274.4180908203125,173,ped,447.2240774844291,274.35158405383396,41.529615760900356,8.933973572707302
520,0,449.14288330078125,274.38446044921875,174,ped,449.07709847399383,274.5041889101326,41.751248364438354,8.530601977678675
521,0,449.9004211425781,274.97341918945307,175,ped,450.2239495500573,274.93344473359014,40.66126383807044,8.665278059695925
522,0,452.0860595703125,275.84555053710943,176,ped,452.0274914156316,275.6514832868548,40.858583086904105,9.319101016080383
523,0,453.072021484375,276.50357055664057,177,ped,453.3044742482927,276.3402643334868,40.07543727984502,9.869288425229906
524,0,454.59033203125,276.51806640625,178,ped,454.7262283692264,276.60046963506016,39.61759524137127,9.591667535535237
525,0,456.9515075683594,276.87261962890625,179,ped,456.7496159933117,276.9176934592695,40.297778766894524,9.43981138780807
526,0,458.82366943359375,278.00546264648443,180,ped,458.6850683794039,277.7608747733754,40.76473313910064,10.263841027441439
527,0,460.7544555664063,278.03860473632807,181,ped,460.624362371816,278.09159196326516,41.2030240768087,10.085324222977077
528,0,462.28900146484375,278.52691650390625,182,ped,462.3079863500129,278.52174244905586,41.13906298223111,10.102755890784646
529,0,463.7607727050781,279.27035522460943,183,ped,463.85347579605445,279.1550325104498,40.826741305448465,10.491284289116676
530,0,465.8426513671875,279.46762084960943,184,ped,465.741736699376,279.51166678277997,41.166728224233076,10.342891182064978
531,0,467.4845886230469,279.81472778320307,185,ped,467.4754772943456,279.85995008639316,41.19742477844427,10.190534821435024
532,0,468.66748046875,280.10525512695307,186,ped,468.8529431216514,280.1685916366105,40.57259117122908,9.977150729389885
533,0,470.8328857421875,279.37918090820307,187,ped,470.73148925035144,279.80402180949926,40.91420138094916,8.545838987124453
534,0,472.15899658203125,279.8407592773437,188,ped,472.25730308463335,279.95342214752645,40.583001510395015,8.166271745557241
535,0,473.1510925292969,280.31039428710943,189,ped,473.4326167164914,280.3046253135649,39.63453145105311,8.18570772629725
536,0,474.97955322265625,279.97378540039057,190,ped,475.01696309632126,280.21069168387754,39.508495583767186,7.387557773369426
537,0,477.7191162109375,281.01736450195307,191,ped,477.3475674886968,280.8416722126668,40.760263121554345,7.979474502464062
